{
    "camera": {
        "cx": 325.94293,
        "cy": 184.4031,
        "fx": 481.33705,
        "fy": 479.56321,
        "height": 360,
        "width": 640
    },
    "max_distortion": 129,
    "underlying_pinhole_camera": {
        "cx": 452.755101203125,
        "cy": 256.11541666666665,
        "fx": 481.33705,
        "fy": 479.56321,
        "height": 500,
        "width": 889
    }
}