{
    "camera": {
        "cx": 314.869465,
        "cy": 245.975189,
        "fx": 647.523279,
        "fy": 645.17098,
        "height": 480,
        "width": 640
    },
    "max_distortion": 9,
    "underlying_pinhole_camera": {
        "cx": 332.0888888671875,
        "cy": 259.29884507083335,
        "fx": 647.523279,
        "fy": 645.17098,
        "height": 506,
        "width": 675
    }
}