{
    "camera": {
        "cx": 303.14047066666666,
        "cy": 175.25869933333334,
        "fx": 539.6875766666667,
        "fy": 536.0869546666667,
        "height": 360,
        "width": 640
    },
    "max_distortion": 115,
    "underlying_pinhole_camera": {
        "cx": 415.39717621041666,
        "cy": 240.00705214259258,
        "fx": 539.6875766666667,
        "fy": 536.0869546666667,
        "height": 493,
        "width": 877
    }
}