{
    "camera": {
        "cx": 312.123757,
        "cy": 259.153837,
        "fx": 634.362692,
        "fy": 634.469467,
        "height": 480,
        "width": 640
    },
    "max_distortion": 17,
    "underlying_pinhole_camera": {
        "cx": 354.5530802171875,
        "cy": 294.2475857604167,
        "fx": 634.362692,
        "fy": 634.469467,
        "height": 545,
        "width": 727
    }
}