{
    "camera": {
        "cx": 318.62318540631867,
        "cy": 234.78318899558084,
        "fx": 507.171551689602,
        "fy": 505.84686591877,
        "height": 480,
        "width": 640
    },
    "max_distortion": 9,
    "underlying_pinhole_camera": {
        "cx": 335.052193403832,
        "cy": 246.52234844535988,
        "fx": 507.171551689602,
        "fy": 505.84686591877,
        "height": 504,
        "width": 673
    }
}