{
    "camera": {
        "cx": 322.9522251615333,
        "cy": 247.83396578308393,
        "fx": 843.0712222897822,
        "fy": 843.1609231459385,
        "height": 505,
        "width": 640
    },
    "max_distortion": 8,
    "underlying_pinhole_camera": {
        "cx": 338.5952235677951,
        "cy": 259.61221366188397,
        "fx": 843.0712222897822,
        "fy": 843.1609231459385,
        "height": 529,
        "width": 671
    }
}