{
    "camera": {
        "cx": 314.7697565108898,
        "cy": 224.66627218475017,
        "fx": 550.4050555013367,
        "fy": 549.8586695308677,
        "height": 480,
        "width": 640
    },
    "max_distortion": 24,
    "underlying_pinhole_camera": {
        "cx": 359.52608126478196,
        "cy": 256.4939940775898,
        "fx": 550.4050555013367,
        "fy": 549.8586695308677,
        "height": 548,
        "width": 731
    }
}