{
    "camera": {
        "cx": 329.323208,
        "cy": 159.323007,
        "fx": 686.994766,
        "fy": 688.195055,
        "height": 360,
        "width": 640
    },
    "max_distortion": 3,
    "underlying_pinhole_camera": {
        "cx": 372.0323115375,
        "cy": 179.68094678333333,
        "fx": 686.994766,
        "fy": 688.195055,
        "height": 406,
        "width": 723
    }
}