{
    "camera": {
        "cx": 328.524505429,
        "cy": 244.345194454,
        "fx": 391.264660077,
        "fy": 390.587456319,
        "height": 480,
        "width": 640
    },
    "max_distortion": 8,
    "underlying_pinhole_camera": {
        "cx": 339.3042157633891,
        "cy": 251.98098178068747,
        "fx": 391.264660077,
        "fy": 390.587456319,
        "height": 495,
        "width": 661
    }
}