{
    "camera": {
        "cx": 345.30910141994804,
        "cy": 238.7212872269268,
        "fx": 1066.292055206794,
        "fy": 1068.943308399835,
        "height": 480,
        "width": 640
    },
    "max_distortion": 35,
    "underlying_pinhole_camera": {
        "cx": 405.73819416843895,
        "cy": 280.497512491639,
        "fx": 1066.292055206794,
        "fy": 1068.943308399835,
        "height": 564,
        "width": 752
    }
}