{
    "camera": {
        "cx": 322.86693,
        "cy": 207.012598,
        "fx": 739.44646,
        "fy": 741.035888,
        "height": 480,
        "width": 640
    },
    "max_distortion": 11,
    "underlying_pinhole_camera": {
        "cx": 379.36864275,
        "cy": 243.23980265,
        "fx": 739.44646,
        "fy": 741.035888,
        "height": 564,
        "width": 752
    }
}