{
    "camera": {
        "cx": 313.660437,
        "cy": 259.927783,
        "fx": 524.259981,
        "fy": 522.694781,
        "height": 480,
        "width": 640
    },
    "max_distortion": 8,
    "underlying_pinhole_camera": {
        "cx": 346.4967639984375,
        "cy": 287.00359372916665,
        "fx": 524.259981,
        "fy": 522.694781,
        "height": 530,
        "width": 707
    }
}