{
    "camera": {
        "cx": 506.362862807133,
        "cy": 385.658122052593,
        "fx": 1325.32570701188,
        "fy": 1305.00776208563,
        "height": 480,
        "width": 640
    },
    "max_distortion": 109,
    "underlying_pinhole_camera": {
        "cx": 958.133479467872,
        "cy": 729.536614216155,
        "fx": 1325.32570701188,
        "fy": 1305.00776208563,
        "height": 908,
        "width": 1211
    }
}