{
    "camera": {
        "cx": 322.551886,
        "cy": 247.446816,
        "fx": 419.25354,
        "fy": 421.651802,
        "height": 480,
        "width": 640
    },
    "max_distortion": 1093,
    "underlying_pinhole_camera": {
        "cx": 899.6173695468751,
        "cy": 689.7579996000001,
        "fx": 419.25354,
        "fy": 421.651802,
        "height": 1338,
        "width": 1785
    }
}