{
    "camera": {
        "cx": 322.487267,
        "cy": 249.051639,
        "fx": 485.45849,
        "fy": 483.66099,
        "height": 480,
        "width": 640
    },
    "max_distortion": 149,
    "underlying_pinhole_camera": {
        "cx": 461.05601453906246,
        "cy": 355.9363007375,
        "fx": 485.45849,
        "fy": 483.66099,
        "height": 686,
        "width": 915
    }
}