{
    "camera": {
        "cx": 335.4610864192244,
        "cy": 253.5877823890044,
        "fx": 1070.2912232532915,
        "fy": 1071.477747979901,
        "height": 480,
        "width": 640
    },
    "max_distortion": 34,
    "underlying_pinhole_camera": {
        "cx": 385.780249382108,
        "cy": 291.62594974735504,
        "fx": 1070.2912232532915,
        "fy": 1071.477747979901,
        "height": 552,
        "width": 736
    }
}