{
    "camera": {
        "cx": 310.3844231783377,
        "cy": 251.6207246333006,
        "fx": 618.217119735183,
        "fy": 617.4596326914755,
        "height": 480,
        "width": 640
    },
    "max_distortion": 9,
    "underlying_pinhole_camera": {
        "cx": 334.1482305779292,
        "cy": 270.4922789807981,
        "fx": 618.217119735183,
        "fy": 617.4596326914755,
        "height": 516,
        "width": 689
    }
}