{
    "camera": {
        "cx": 268.01097,
        "cy": 302.594211,
        "fx": 2152.445406,
        "fy": 2166.161453,
        "height": 480,
        "width": 640
    },
    "max_distortion": 7,
    "underlying_pinhole_camera": {
        "cx": 344.64535673437496,
        "cy": 388.95964205624995,
        "fx": 2152.445406,
        "fy": 2166.161453,
        "height": 617,
        "width": 823
    }
}