{
    "camera": {
        "cx": 347.47881959566695,
        "cy": 213.64928321255815,
        "fx": 573.7909676874075,
        "fy": 573.1357355496755,
        "height": 480,
        "width": 640
    },
    "max_distortion": 130,
    "underlying_pinhole_camera": {
        "cx": 501.12961013562597,
        "cy": 308.01104996477136,
        "fx": 573.7909676874075,
        "fy": 573.1357355496755,
        "height": 692,
        "width": 923
    }
}