{
    "camera": {
        "cx": 291.2930219742101,
        "cy": 223.8507028713842,
        "fx": 508.4098405159193,
        "fy": 516.0763821205284,
        "height": 480,
        "width": 640
    },
    "max_distortion": 10,
    "underlying_pinhole_camera": {
        "cx": 314.96058000961466,
        "cy": 242.03857247968415,
        "fx": 508.4098405159193,
        "fy": 516.0763821205284,
        "height": 519,
        "width": 692
    }
}