{
    "camera": {
        "cx": 311.270533,
        "cy": 184.755562,
        "fx": 564.58001,
        "fy": 563.20606,
        "height": 360,
        "width": 640
    },
    "max_distortion": 111,
    "underlying_pinhole_camera": {
        "cx": 416.8106980953125,
        "cy": 247.3671691222222,
        "fx": 564.58001,
        "fy": 563.20606,
        "height": 482,
        "width": 857
    }
}