{
    "camera": {
        "cx": 318.7494180678118,
        "cy": 237.6437443245024,
        "fx": 576.2777526942438,
        "fy": 576.6452498736726,
        "height": 480,
        "width": 640
    },
    "max_distortion": 6,
    "underlying_pinhole_camera": {
        "cx": 328.21229141669994,
        "cy": 244.5750202006337,
        "fx": 576.2777526942438,
        "fy": 576.6452498736726,
        "height": 494,
        "width": 659
    }
}