{
    "camera": {
        "cx": 312.388943379412,
        "cy": 252.014247672894,
        "fx": 556.472017637068,
        "fy": 558.760205984098,
        "height": 480,
        "width": 640
    },
    "max_distortion": 12,
    "underlying_pinhole_camera": {
        "cx": 340.2110836491409,
        "cy": 274.0654943442722,
        "fx": 556.472017637068,
        "fy": 558.760205984098,
        "height": 522,
        "width": 697
    }
}