{
    "camera": {
        "cx": 349.82352656410256,
        "cy": 293.7458428717949,
        "fx": 521.4172512820512,
        "fy": 520.2830391794872,
        "height": 475,
        "width": 640
    },
    "max_distortion": 113,
    "underlying_pinhole_camera": {
        "cx": 545.5060617358974,
        "cy": 457.62510257921724,
        "fx": 521.4172512820512,
        "fy": 520.2830391794872,
        "height": 740,
        "width": 998
    }
}