{
    "camera": {
        "cx": 321.01704776547734,
        "cy": 205.2573884252062,
        "fx": 361.7649968451651,
        "fy": 361.95309711039465,
        "height": 408,
        "width": 640
    },
    "max_distortion": 157,
    "underlying_pinhole_camera": {
        "cx": 457.95088220293877,
        "cy": 292.79362760654413,
        "fx": 361.7649968451651,
        "fy": 361.95309711039465,
        "height": 582,
        "width": 913
    }
}