{
    "camera": {
        "cx": 293.418883,
        "cy": 260.531745,
        "fx": 809.418839,
        "fy": 808.52008,
        "height": 480,
        "width": 640
    },
    "max_distortion": 10,
    "underlying_pinhole_camera": {
        "cx": 329.179309365625,
        "cy": 292.01266418750004,
        "fx": 809.418839,
        "fy": 808.52008,
        "height": 538,
        "width": 718
    }
}