{
    "camera": {
        "cx": 309.38826,
        "cy": 248.300868,
        "fx": 512.233878,
        "fy": 511.861232,
        "height": 480,
        "width": 640
    },
    "max_distortion": 130,
    "underlying_pinhole_camera": {
        "cx": 424.92543834375,
        "cy": 340.896400025,
        "fx": 512.233878,
        "fy": 511.861232,
        "height": 659,
        "width": 879
    }
}