{
    "camera": {
        "cx": 315.59993872340425,
        "cy": 198.72239489361704,
        "fx": 331.23665361702126,
        "fy": 332.55262127659574,
        "height": 408,
        "width": 640
    },
    "max_distortion": 137,
    "underlying_pinhole_camera": {
        "cx": 445.7849134468085,
        "cy": 280.54926337922404,
        "fx": 331.23665361702126,
        "fy": 332.55262127659574,
        "height": 576,
        "width": 904
    }
}