{
    "camera": {
        "cx": 312.248988014643,
        "cy": 117.704362916877,
        "fx": 686.593977365917,
        "fy": 687.736930808305,
        "height": 360,
        "width": 640
    },
    "max_distortion": 4,
    "underlying_pinhole_camera": {
        "cx": 425.92713521372394,
        "cy": 160.53567275607392,
        "fx": 686.593977365917,
        "fy": 687.736930808305,
        "height": 491,
        "width": 873
    }
}