{
    "camera": {
        "cx": 321.05503448275863,
        "cy": 109.307908045977,
        "fx": 414.2991724137931,
        "fy": 412.4431724137931,
        "height": 235,
        "width": 640
    },
    "max_distortion": 1100,
    "underlying_pinhole_camera": {
        "cx": 1984.5214318965516,
        "cy": 675.3833297138664,
        "fx": 414.2991724137931,
        "fy": 412.4431724137931,
        "height": 1452,
        "width": 3956
    }
}