{
    "camera": {
        "cx": 319.508832099787,
        "cy": 218.740253550967,
        "fx": 700.490828918144,
        "fy": 701.654116650887,
        "height": 360,
        "width": 640
    },
    "max_distortion": 4,
    "underlying_pinhole_camera": {
        "cx": 390.8990867720832,
        "cy": 267.3491987845152,
        "fx": 700.490828918144,
        "fy": 701.654116650887,
        "height": 440,
        "width": 783
    }
}