{
    "camera": {
        "cx": 318.3024700420411,
        "cy": 214.7669903480736,
        "fx": 772.5124095389154,
        "fy": 772.908226256162,
        "height": 360,
        "width": 640
    },
    "max_distortion": 3,
    "underlying_pinhole_camera": {
        "cx": 378.48153078436445,
        "cy": 255.33408852493196,
        "fx": 772.5124095389154,
        "fy": 772.908226256162,
        "height": 428,
        "width": 761
    }
}