{
    "camera": {
        "cx": 320.290360798453,
        "cy": 239.245381692182,
        "fx": 584.631342745027,
        "fy": 586.597339600598,
        "height": 480,
        "width": 640
    },
    "max_distortion": 7,
    "underlying_pinhole_camera": {
        "cx": 328.2976198184143,
        "cy": 245.22651623448655,
        "fx": 584.631342745027,
        "fy": 586.597339600598,
        "height": 492,
        "width": 656
    }
}