{
    "camera": {
        "cx": 315.47182358974356,
        "cy": 212.5722231794872,
        "fx": 560.5376763076923,
        "fy": 558.1032615384615,
        "height": 475,
        "width": 640
    },
    "max_distortion": 79,
    "underlying_pinhole_camera": {
        "cx": 417.50724153205124,
        "cy": 281.0428550667746,
        "fx": 560.5376763076923,
        "fy": 558.1032615384615,
        "height": 628,
        "width": 847
    }
}