{
    "camera": {
        "cx": 319.50045158878504,
        "cy": 179.60888822429905,
        "fx": 401.71430130841117,
        "fy": 394.01895177570094,
        "height": 358,
        "width": 640
    },
    "max_distortion": 4,
    "underlying_pinhole_camera": {
        "cx": 321.9965488668224,
        "cy": 180.61228983449067,
        "fx": 401.71430130841117,
        "fy": 394.01895177570094,
        "height": 360,
        "width": 645
    }
}