{
    "camera": {
        "cx": 307.6294679682328,
        "cy": 238.2216968106972,
        "fx": 557.698158275864,
        "fy": 557.021711293,
        "height": 480,
        "width": 640
    },
    "max_distortion": 7,
    "underlying_pinhole_camera": {
        "cx": 326.375638672547,
        "cy": 252.61425765967684,
        "fx": 557.698158275864,
        "fy": 557.021711293,
        "height": 509,
        "width": 679
    }
}