{
    "camera": {
        "cx": 318.1320670857601,
        "cy": 228.663391704001,
        "fx": 1076.81800713431,
        "fy": 1078.126371101481,
        "height": 480,
        "width": 640
    },
    "max_distortion": 34,
    "underlying_pinhole_camera": {
        "cx": 363.3664703745166,
        "cy": 261.0573721954011,
        "fx": 1076.81800713431,
        "fy": 1078.126371101481,
        "height": 548,
        "width": 731
    }
}