{
    "camera": {
        "cx": 320.5158753263366,
        "cy": 282.2753977639929,
        "fx": 577.4006557704271,
        "fy": 576.579890545466,
        "height": 480,
        "width": 640
    },
    "max_distortion": 144,
    "underlying_pinhole_camera": {
        "cx": 506.31492180457235,
        "cy": 445.75989896897204,
        "fx": 577.4006557704271,
        "fy": 576.579890545466,
        "height": 758,
        "width": 1011
    }
}