{
    "camera": {
        "cx": 302.75675374829046,
        "cy": 258.1293441247107,
        "fx": 529.2288883607645,
        "fy": 530.8459102638244,
        "height": 480,
        "width": 640
    },
    "max_distortion": 12,
    "underlying_pinhole_camera": {
        "cx": 332.0863142676561,
        "cy": 282.8667396033288,
        "fx": 529.2288883607645,
        "fy": 530.8459102638244,
        "height": 526,
        "width": 702
    }
}