{
    "camera": {
        "cx": 324.4182257715599,
        "cy": 228.7905347382119,
        "fx": 588.5780321857158,
        "fy": 550.297838513767,
        "height": 480,
        "width": 640
    },
    "max_distortion": 12,
    "underlying_pinhole_camera": {
        "cx": 353.31172400433945,
        "cy": 248.80970652780545,
        "fx": 588.5780321857158,
        "fy": 550.297838513767,
        "height": 522,
        "width": 697
    }
}