{
    "camera": {
        "cx": 333.77280043452873,
        "cy": 248.58532129405776,
        "fx": 1100.956841930777,
        "fy": 1103.061390866323,
        "height": 480,
        "width": 640
    },
    "max_distortion": 36,
    "underlying_pinhole_camera": {
        "cx": 380.7096004956343,
        "cy": 283.28368905802,
        "fx": 1100.956841930777,
        "fy": 1103.061390866323,
        "height": 547,
        "width": 730
    }
}