{
    "camera": {
        "cx": 332.570296,
        "cy": 381.128468,
        "fx": 819.084785,
        "fy": 815.519503,
        "height": 480,
        "width": 640
    },
    "max_distortion": 52,
    "underlying_pinhole_camera": {
        "cx": 590.3122754,
        "cy": 676.5030307,
        "fx": 819.084785,
        "fy": 815.519503,
        "height": 852,
        "width": 1136
    }
}