{
    "camera": {
        "cx": 326.915992,
        "cy": 218.346714,
        "fx": 364.822744,
        "fy": 362.590471,
        "height": 480,
        "width": 640
    },
    "max_distortion": 14,
    "underlying_pinhole_camera": {
        "cx": 357.56436625,
        "cy": 238.81671843750001,
        "fx": 364.822744,
        "fy": 362.590471,
        "height": 525,
        "width": 700
    }
}