{
    "camera": {
        "cx": 250.6373688810994,
        "cy": 185.03305000720187,
        "fx": 390.0336275759341,
        "fy": 389.0580078777082,
        "height": 480,
        "width": 640
    },
    "max_distortion": 13043817825332783104,
    "underlying_pinhole_camera": {
        "cx": 663.7974066460367,
        "cy": 489.9520969982366,
        "fx": 390.0336275759341,
        "fy": 389.0580078777082,
        "height": 1271,
        "width": 1695
    }
}