{
    "camera": {
        "cx": 394.921485,
        "cy": 204.661797,
        "fx": 793.72971,
        "fy": 747.782252,
        "height": 480,
        "width": 640
    },
    "max_distortion": 15,
    "underlying_pinhole_camera": {
        "cx": 502.9078285546875,
        "cy": 260.51741243125,
        "fx": 793.72971,
        "fy": 747.782252,
        "height": 611,
        "width": 815
    }
}