{
    "camera": {
        "cx": 300.0229073365225,
        "cy": 249.4670161814601,
        "fx": 573.7314294334622,
        "fy": 575.1147699963863,
        "height": 480,
        "width": 640
    },
    "max_distortion": 10,
    "underlying_pinhole_camera": {
        "cx": 327.2124833138949,
        "cy": 271.8151030477159,
        "fx": 573.7314294334622,
        "fy": 575.1147699963863,
        "height": 523,
        "width": 698
    }
}