{
    "camera": {
        "cx": 725.037037037037,
        "cy": 607.1111111111111,
        "fx": 2861.0014814814813,
        "fy": 2865.552592592592,
        "height": 1137,
        "width": 640
    },
    "max_distortion": 13043817825332783104,
    "underlying_pinhole_camera": {
        "cx": 2.2657407407407404,
        "cy": 1.6018762826150688,
        "fx": 2861.0014814814813,
        "fy": 2865.552592592592,
        "height": 3,
        "width": 2
    }
}