{
    "camera": {
        "cx": 314.30566625,
        "cy": 236.750523125,
        "fx": 524.61805625,
        "fy": 525.785780625,
        "height": 480,
        "width": 640
    },
    "max_distortion": 112,
    "underlying_pinhole_camera": {
        "cx": 410.0706739355469,
        "cy": 308.76214057552085,
        "fx": 524.61805625,
        "fy": 525.785780625,
        "height": 626,
        "width": 835
    }
}