{
    "camera": {
        "cx": 309.73999483676715,
        "cy": 242.70838998252762,
        "fx": 339.11177114718805,
        "fy": 334.7367885158987,
        "height": 480,
        "width": 640
    },
    "max_distortion": 218,
    "underlying_pinhole_camera": {
        "cx": 525.1060849967068,
        "cy": 411.08733553290614,
        "fx": 339.11177114718805,
        "fy": 334.7367885158987,
        "height": 813,
        "width": 1085
    }
}