{
    "camera": {
        "cx": 327.3491403353969,
        "cy": 229.37316101593402,
        "fx": 579.9719523471296,
        "fy": 579.5145806809116,
        "height": 480,
        "width": 640
    },
    "max_distortion": 5,
    "underlying_pinhole_camera": {
        "cx": 343.2051143203927,
        "cy": 240.36395831461417,
        "fx": 579.9719523471296,
        "fy": 579.5145806809116,
        "height": 503,
        "width": 671
    }
}