{
    "camera": {
        "cx": 342.003337,
        "cy": 205.211518,
        "fx": 742.858255,
        "fy": 752.915532,
        "height": 480,
        "width": 640
    },
    "max_distortion": 23,
    "underlying_pinhole_camera": {
        "cx": 407.7321033296875,
        "cy": 244.54372561666668,
        "fx": 742.858255,
        "fy": 752.915532,
        "height": 572,
        "width": 763
    }
}