{
    "camera": {
        "cx": 325.682371,
        "cy": 226.729205,
        "fx": 683.893851,
        "fy": 679.519792,
        "height": 480,
        "width": 640
    },
    "max_distortion": 10,
    "underlying_pinhole_camera": {
        "cx": 343.49312566406246,
        "cy": 239.01037027083336,
        "fx": 683.893851,
        "fy": 679.519792,
        "height": 506,
        "width": 675
    }
}