{
    "camera": {
        "cx": 330.38807899999995,
        "cy": 195.58387333333332,
        "fx": 459.567866,
        "fy": 461.740206,
        "height": 360,
        "width": 640
    },
    "max_distortion": 8,
    "underlying_pinhole_camera": {
        "cx": 371.1703575015624,
        "cy": 219.48856896296292,
        "fx": 459.567866,
        "fy": 461.740206,
        "height": 404,
        "width": 719
    }
}