{
    "camera": {
        "cx": 610.756,
        "cy": 506.539,
        "fx": 2302.59,
        "fy": 2309.46,
        "height": 360,
        "width": 640
    },
    "max_distortion": 13043817825332783104,
    "underlying_pinhole_camera": {
        "cx": 1.9086124999999998,
        "cy": 1.4070527777777777,
        "fx": 2302.59,
        "fy": 2309.46,
        "height": 1,
        "width": 2
    }
}