{
    "camera": {
        "cx": 301.6798955,
        "cy": 175.421449,
        "fx": 559.4471815,
        "fy": 558.5172305,
        "height": 360,
        "width": 640
    },
    "max_distortion": 15,
    "underlying_pinhole_camera": {
        "cx": 332.79063472343745,
        "cy": 193.45087570277778,
        "fx": 559.4471815,
        "fy": 558.5172305,
        "height": 397,
        "width": 706
    }
}