{
    "camera": {
        "cx": 319.43155193643116,
        "cy": 175.7834852470622,
        "fx": 503.7218305263683,
        "fy": 502.32775538155585,
        "height": 360,
        "width": 640
    },
    "max_distortion": 10,
    "underlying_pinhole_camera": {
        "cx": 323.42444633563656,
        "cy": 177.73663508314067,
        "fx": 503.7218305263683,
        "fy": 502.32775538155585,
        "height": 364,
        "width": 648
    }
}