{
    "camera": {
        "cx": 310.027524,
        "cy": 247.095463,
        "fx": 463.494698,
        "fy": 461.946446,
        "height": 480,
        "width": 640
    },
    "max_distortion": 1184,
    "underlying_pinhole_camera": {
        "cx": 967.8671764875,
        "cy": 771.1437574458332,
        "fx": 463.494698,
        "fy": 461.946446,
        "height": 1498,
        "width": 1998
    }
}