{
    "camera": {
        "cx": 313.376232,
        "cy": 196.341567,
        "fx": 206.334512,
        "fy": 206.270027,
        "height": 400,
        "width": 640
    },
    "max_distortion": 13043817825332783104,
    "underlying_pinhole_camera": {
        "cx": 738.8823970125001,
        "cy": 462.8752442025,
        "fx": 206.334512,
        "fy": 206.270027,
        "height": 943,
        "width": 1509
    }
}