{
    "camera": {
        "cx": 347.909173,
        "cy": 230.968916,
        "fx": 843.855351,
        "fy": 842.055273,
        "height": 480,
        "width": 640
    },
    "max_distortion": 50,
    "underlying_pinhole_camera": {
        "cx": 425.64512884218755,
        "cy": 282.45573685833335,
        "fx": 843.855351,
        "fy": 842.055273,
        "height": 587,
        "width": 783
    }
}