{
    "camera": {
        "cx": 315.46765432098766,
        "cy": 235.19802469135803,
        "fx": 649.5812345679012,
        "fy": 649.7313580246913,
        "height": 481,
        "width": 640
    },
    "max_distortion": 40,
    "underlying_pinhole_camera": {
        "cx": 354.4081929012346,
        "cy": 264.0476784476785,
        "fx": 649.5812345679012,
        "fy": 649.7313580246913,
        "height": 540,
        "width": 719
    }
}