{
    "camera": {
        "cx": 314.10072,
        "cy": 251.980763,
        "fx": 545.248453,
        "fy": 545.239286,
        "height": 480,
        "width": 640
    },
    "max_distortion": 10,
    "underlying_pinhole_camera": {
        "cx": 326.37027937500005,
        "cy": 261.4300416125,
        "fx": 545.248453,
        "fy": 545.239286,
        "height": 498,
        "width": 665
    }
}