{
    "camera": {
        "cx": 326.6040217806871,
        "cy": 225.2729156959948,
        "fx": 1069.0637111474116,
        "fy": 1070.870366033211,
        "height": 480,
        "width": 640
    },
    "max_distortion": 34,
    "underlying_pinhole_camera": {
        "cx": 378.6565377519841,
        "cy": 260.9411273478607,
        "fx": 1069.0637111474116,
        "fy": 1070.870366033211,
        "height": 556,
        "width": 742
    }
}