{
    "camera": {
        "cx": 310.623684,
        "cy": 193.0225416,
        "fx": 501.937012,
        "fy": 503.78043440000005,
        "height": 360,
        "width": 640
    },
    "max_distortion": 15,
    "underlying_pinhole_camera": {
        "cx": 355.76118808125005,
        "cy": 220.9035753866667,
        "fx": 501.937012,
        "fy": 503.78043440000005,
        "height": 412,
        "width": 733
    }
}