{
    "camera": {
        "cx": 338.704534,
        "cy": 178.633879,
        "fx": 442.520248,
        "fy": 440.2326955,
        "height": 360,
        "width": 640
    },
    "max_distortion": 13,
    "underlying_pinhole_camera": {
        "cx": 361.461244878125,
        "cy": 190.54280426666668,
        "fx": 442.520248,
        "fy": 440.2326955,
        "height": 384,
        "width": 683
    }
}