{
    "camera": {
        "cx": 305.814258310302,
        "cy": 237.207871324979,
        "fx": 679.286769973595,
        "fy": 676.053001508839,
        "height": 480,
        "width": 640
    },
    "max_distortion": 9,
    "underlying_pinhole_camera": {
        "cx": 329.2281624621845,
        "cy": 254.99846167435243,
        "fx": 679.286769973595,
        "fy": 676.053001508839,
        "height": 516,
        "width": 689
    }
}