{
    "camera": {
        "cx": 456.21092957746475,
        "cy": 324.28424413145535,
        "fx": 565.2041314553991,
        "fy": 570.2113051643192,
        "height": 961,
        "width": 640
    },
    "max_distortion": 13043817825332783104,
    "underlying_pinhole_camera": {
        "cx": 1365.0686408450704,
        "cy": 970.1531757314611,
        "fx": 565.2041314553991,
        "fy": 570.2113051643192,
        "height": 2875,
        "width": 1915
    }
}