{
    "camera": {
        "cx": 277.59368,
        "cy": 275.266024,
        "fx": 712.872633,
        "fy": 729.991836,
        "height": 480,
        "width": 640
    },
    "max_distortion": 16,
    "underlying_pinhole_camera": {
        "cx": 327.04005425,
        "cy": 324.0110490833334,
        "fx": 712.872633,
        "fy": 729.991836,
        "height": 565,
        "width": 754
    }
}