{
    "camera": {
        "cx": 317.1044839776039,
        "cy": 235.2456188693766,
        "fx": 539.0327086493677,
        "fy": 534.0880245154518,
        "height": 480,
        "width": 640
    },
    "max_distortion": 8,
    "underlying_pinhole_camera": {
        "cx": 328.004950614334,
        "cy": 243.08713949835584,
        "fx": 539.0327086493677,
        "fy": 534.0880245154518,
        "height": 496,
        "width": 662
    }
}