{
    "camera": {
        "cx": 318.26543549764034,
        "cy": 235.530988776277,
        "fx": 546.0500834384593,
        "fy": 545.7495208147751,
        "height": 480,
        "width": 640
    },
    "max_distortion": 11,
    "underlying_pinhole_camera": {
        "cx": 334.6759970154874,
        "cy": 247.30753821509086,
        "fx": 546.0500834384593,
        "fy": 545.7495208147751,
        "height": 504,
        "width": 673
    }
}