{
    "camera": {
        "cx": 320.087671,
        "cy": 178.853574,
        "fx": 571.839731,
        "fy": 565.076022,
        "height": 360,
        "width": 640
    },
    "max_distortion": 110,
    "underlying_pinhole_camera": {
        "cx": 421.6154791453125,
        "cy": 235.4905391,
        "fx": 571.839731,
        "fy": 565.076022,
        "height": 474,
        "width": 843
    }
}