{
    "camera": {
        "cx": 334.870293,
        "cy": 281.09781,
        "fx": 771.759661,
        "fy": 776.997516,
        "height": 480,
        "width": 640
    },
    "max_distortion": 5,
    "underlying_pinhole_camera": {
        "cx": 401.32111676718756,
        "cy": 336.73175156249994,
        "fx": 771.759661,
        "fy": 776.997516,
        "height": 575,
        "width": 767
    }
}