{
    "camera": {
        "cx": 322.0633732677222,
        "cy": 163.77404719595683,
        "fx": 499.37004599048237,
        "fy": 497.9176268625073,
        "height": 320,
        "width": 640
    },
    "max_distortion": 13,
    "underlying_pinhole_camera": {
        "cx": 326.0891654335687,
        "cy": 165.82122278590626,
        "fx": 499.37004599048237,
        "fy": 497.9176268625073,
        "height": 324,
        "width": 648
    }
}