{
    "camera": {
        "cx": 310.2000305861777,
        "cy": 264.8049974829675,
        "fx": 571.94830056408,
        "fy": 572.8048154931814,
        "height": 480,
        "width": 640
    },
    "max_distortion": 7,
    "underlying_pinhole_camera": {
        "cx": 341.2200336447955,
        "cy": 291.28549723126423,
        "fx": 571.94830056408,
        "fy": 572.8048154931814,
        "height": 528,
        "width": 704
    }
}