{
    "camera": {
        "cx": 322.726001,
        "cy": 245.521185,
        "fx": 502.967578,
        "fy": 500.816769,
        "height": 480,
        "width": 640
    },
    "max_distortion": 10,
    "underlying_pinhole_camera": {
        "cx": 342.3921166859375,
        "cy": 260.35475659375004,
        "fx": 502.967578,
        "fy": 500.816769,
        "height": 509,
        "width": 679
    }
}