{
    "camera": {
        "cx": 611.75,
        "cy": 512.25,
        "fx": 2413.97,
        "fy": 2417.81,
        "height": 360,
        "width": 640
    },
    "max_distortion": 13043817825332783104,
    "underlying_pinhole_camera": {
        "cx": 1.91171875,
        "cy": 1.4229166666666666,
        "fx": 2413.97,
        "fy": 2417.81,
        "height": 1,
        "width": 2
    }
}