{
    "camera": {
        "cx": 297.4661366153846,
        "cy": 246.72123076923077,
        "fx": 532.6939478974358,
        "fy": 533.9025829743589,
        "height": 475,
        "width": 640
    },
    "max_distortion": 130,
    "underlying_pinhole_camera": {
        "cx": 416.91738209999994,
        "cy": 345.40972307692306,
        "fx": 532.6939478974358,
        "fy": 533.9025829743589,
        "height": 665,
        "width": 897
    }
}