{
    "camera": {
        "cx": 320.447266,
        "cy": 236.260051,
        "fx": 570.186688,
        "fy": 570.034892,
        "height": 480,
        "width": 640
    },
    "max_distortion": 3,
    "underlying_pinhole_camera": {
        "cx": 327.45704994375006,
        "cy": 241.18213539583334,
        "fx": 570.186688,
        "fy": 570.034892,
        "height": 490,
        "width": 654
    }
}