{
    "camera": {
        "cx": 326.2537571226909,
        "cy": 228.234449347248,
        "fx": 809.6708899939415,
        "fy": 806.5217627138779,
        "height": 480,
        "width": 640
    },
    "max_distortion": 8,
    "underlying_pinhole_camera": {
        "cx": 344.09575946533806,
        "cy": 240.5971486868906,
        "fx": 809.6708899939415,
        "fy": 806.5217627138779,
        "height": 506,
        "width": 675
    }
}