{
    "camera": {
        "cx": 324.779562,
        "cy": 188.0576113333333,
        "fx": 848.319753,
        "fy": 852.3433153333333,
        "height": 360,
        "width": 640
    },
    "max_distortion": 8,
    "underlying_pinhole_camera": {
        "cx": 339.49613590312504,
        "cy": 196.41572739259257,
        "fx": 848.319753,
        "fy": 852.3433153333333,
        "height": 376,
        "width": 669
    }
}