{
    "camera": {
        "cx": 315.1468411661461,
        "cy": 241.6570193534038,
        "fx": 585.393381776956,
        "fy": 585.1118292242563,
        "height": 480,
        "width": 640
    },
    "max_distortion": 15,
    "underlying_pinhole_camera": {
        "cx": 317.6089258627566,
        "cy": 243.16737572436256,
        "fx": 585.393381776956,
        "fy": 585.1118292242563,
        "height": 483,
        "width": 645
    }
}