{
    "camera": {
        "cx": 325.203412,
        "cy": 249.6537675,
        "fx": 471.986743,
        "fy": 472.8541585,
        "height": 512,
        "width": 640
    },
    "max_distortion": 137,
    "underlying_pinhole_camera": {
        "cx": 446.64656116875005,
        "cy": 342.78632529785153,
        "fx": 471.986743,
        "fy": 472.8541585,
        "height": 703,
        "width": 879
    }
}