{
    "camera": {
        "cx": 545.128236,
        "cy": 378.974474,
        "fx": 1513.897629,
        "fy": 1501.762498,
        "height": 472,
        "width": 640
    },
    "max_distortion": 15,
    "underlying_pinhole_camera": {
        "cx": 919.0521353812501,
        "cy": 638.3150568432203,
        "fx": 1513.897629,
        "fy": 1501.762498,
        "height": 795,
        "width": 1079
    }
}