{
    "camera": {
        "cx": 326.17773366666665,
        "cy": 179.280122,
        "fx": 465.84813433333335,
        "fy": 464.93700766666666,
        "height": 360,
        "width": 640
    },
    "max_distortion": 8,
    "underlying_pinhole_camera": {
        "cx": 342.9962730588542,
        "cy": 188.2441281,
        "fx": 465.84813433333335,
        "fy": 464.93700766666666,
        "height": 378,
        "width": 673
    }
}