{
    "camera": {
        "cx": 329.546769,
        "cy": 267.226146,
        "fx": 630.361047,
        "fy": 630.462735,
        "height": 480,
        "width": 640
    },
    "max_distortion": 15,
    "underlying_pinhole_camera": {
        "cx": 362.50144589999996,
        "cy": 293.9487606,
        "fx": 630.361047,
        "fy": 630.462735,
        "height": 528,
        "width": 704
    }
}