{
    "camera": {
        "cx": 280.263177,
        "cy": 190.994949,
        "fx": 750.677777,
        "fy": 741.951692,
        "height": 480,
        "width": 640
    },
    "max_distortion": 23,
    "underlying_pinhole_camera": {
        "cx": 341.1328357546875,
        "cy": 232.37718795,
        "fx": 750.677777,
        "fy": 741.951692,
        "height": 584,
        "width": 779
    }
}