{
    "camera": {
        "cx": 343.027034,
        "cy": 189.1695105,
        "fx": 466.1274285,
        "fy": 466.1120295,
        "height": 360,
        "width": 640
    },
    "max_distortion": 3,
    "underlying_pinhole_camera": {
        "cx": 373.577879215625,
        "cy": 205.9845781,
        "fx": 466.1274285,
        "fy": 466.1120295,
        "height": 392,
        "width": 697
    }
}