{
    "camera": {
        "cx": 318.5725,
        "cy": 247.11452,
        "fx": 500.6833,
        "fy": 500.25257,
        "height": 480,
        "width": 640
    },
    "max_distortion": 51,
    "underlying_pinhole_camera": {
        "cx": 371.83383984375,
        "cy": 288.30027333333334,
        "fx": 500.6833,
        "fy": 500.25257,
        "height": 560,
        "width": 747
    }
}