{
    "camera": {
        "cx": 368.311232,
        "cy": 224.580904,
        "fx": 514.453865,
        "fy": 514.428903,
        "height": 480,
        "width": 640
    },
    "max_distortion": 8,
    "underlying_pinhole_camera": {
        "cx": 433.9166702,
        "cy": 264.35043908333336,
        "fx": 514.453865,
        "fy": 514.428903,
        "height": 565,
        "width": 754
    }
}