{
    "camera": {
        "cx": 321.3368338271605,
        "cy": 240.81600419753084,
        "fx": 640.3882318518517,
        "fy": 639.9067012345679,
        "height": 480,
        "width": 640
    },
    "max_distortion": 6,
    "underlying_pinhole_camera": {
        "cx": 329.3702546728395,
        "cy": 246.83640430246908,
        "fx": 640.3882318518517,
        "fy": 639.9067012345679,
        "height": 492,
        "width": 656
    }
}