{
    "camera": {
        "cx": 318.37397,
        "cy": 237.451156,
        "fx": 448.095564,
        "fy": 451.59829,
        "height": 480,
        "width": 640
    },
    "max_distortion": 1097,
    "underlying_pinhole_camera": {
        "cx": 906.868355171875,
        "cy": 676.2411046916667,
        "fx": 448.095564,
        "fy": 451.59829,
        "height": 1367,
        "width": 1823
    }
}