{
    "camera": {
        "cx": 328.7017040281721,
        "cy": 212.53887899509584,
        "fx": 498.0211792901055,
        "fy": 498.77824487829844,
        "height": 423,
        "width": 639
    },
    "max_distortion": 17,
    "underlying_pinhole_camera": {
        "cx": 355.45051249368845,
        "cy": 229.6223822712974,
        "fx": 498.0211792901055,
        "fy": 498.77824487829844,
        "height": 457,
        "width": 691
    }
}