{
    "camera": {
        "cx": 316.187380952381,
        "cy": 116.76523809523809,
        "fx": 430.1404285714285,
        "fy": 432.33533333333327,
        "height": 186,
        "width": 640
    },
    "max_distortion": 131,
    "underlying_pinhole_camera": {
        "cx": 554.810045014881,
        "cy": 204.65305171530974,
        "fx": 430.1404285714285,
        "fy": 432.33533333333327,
        "height": 326,
        "width": 1123
    }
}