{
    "camera": {
        "cx": 340.950288,
        "cy": 185.40720366666667,
        "fx": 359.4039823333333,
        "fy": 359.97692433333333,
        "height": 360,
        "width": 640
    },
    "max_distortion": 16,
    "underlying_pinhole_camera": {
        "cx": 349.47404520000003,
        "cy": 190.04238375833333,
        "fx": 359.4039823333333,
        "fy": 359.97692433333333,
        "height": 369,
        "width": 656
    }
}