{
    "camera": {
        "cx": 296.8255390328006,
        "cy": 234.4650076498939,
        "fx": 704.153512773726,
        "fy": 699.9492564693513,
        "height": 480,
        "width": 640
    },
    "max_distortion": 13,
    "underlying_pinhole_camera": {
        "cx": 329.7546222692519,
        "cy": 260.3538522445697,
        "fx": 704.153512773726,
        "fy": 699.9492564693513,
        "height": 533,
        "width": 711
    }
}