{
    "camera": {
        "cx": 320.207922533597,
        "cy": 251.69140630101,
        "fx": 520.84106910681,
        "fy": 520.652683004955,
        "height": 480,
        "width": 640
    },
    "max_distortion": 107,
    "underlying_pinhole_camera": {
        "cx": 427.2774466307685,
        "cy": 335.58854173468,
        "fx": 520.84106910681,
        "fy": 520.652683004955,
        "height": 640,
        "width": 854
    }
}