{
    "camera": {
        "cx": 329.847024396229,
        "cy": 177.763930016944,
        "fx": 571.373404919612,
        "fy": 569.358295831521,
        "height": 360,
        "width": 640
    },
    "max_distortion": 117,
    "underlying_pinhole_camera": {
        "cx": 448.9011847642429,
        "cy": 241.46267160634892,
        "fx": 571.373404919612,
        "fy": 569.358295831521,
        "height": 489,
        "width": 871
    }
}