{
    "camera": {
        "cx": 335.67093966144245,
        "cy": 233.7837804946993,
        "fx": 509.670539122414,
        "fy": 510.196046967394,
        "height": 480,
        "width": 640
    },
    "max_distortion": 150,
    "underlying_pinhole_camera": {
        "cx": 484.1004332929865,
        "cy": 337.03828354652484,
        "fx": 509.670539122414,
        "fy": 510.196046967394,
        "height": 692,
        "width": 923
    }
}