{
    "camera": {
        "cx": 328.967178,
        "cy": 213.966322,
        "fx": 651.905806,
        "fy": 652.882268,
        "height": 480,
        "width": 640
    },
    "max_distortion": 107,
    "underlying_pinhole_camera": {
        "cx": 457.98399312187496,
        "cy": 297.76979811666666,
        "fx": 651.905806,
        "fy": 652.882268,
        "height": 668,
        "width": 891
    }
}