{
    "camera": {
        "cx": 258.5589253423354,
        "cy": 212.8844393256715,
        "fx": 612.1825719518471,
        "fy": 594.4900977664436,
        "height": 480,
        "width": 640
    },
    "max_distortion": 56,
    "underlying_pinhole_camera": {
        "cx": 349.45854753300017,
        "cy": 287.39399308965653,
        "fx": 612.1825719518471,
        "fy": 594.4900977664436,
        "height": 648,
        "width": 865
    }
}