{
    "camera": {
        "cx": 287.6176154211754,
        "cy": 213.0098642199263,
        "fx": 527.4332473037331,
        "fy": 528.6474892007944,
        "height": 408,
        "width": 640
    },
    "max_distortion": 145,
    "underlying_pinhole_camera": {
        "cx": 430.9770206076675,
        "cy": 318.9927133293504,
        "fx": 527.4332473037331,
        "fy": 528.6474892007944,
        "height": 611,
        "width": 959
    }
}