{
    "camera": {
        "cx": 319.6118440382103,
        "cy": 88.68226191622612,
        "fx": 500.24670915930756,
        "fy": 499.0448210740928,
        "height": 192,
        "width": 640
    },
    "max_distortion": 10,
    "underlying_pinhole_camera": {
        "cx": 347.078486885244,
        "cy": 96.07245040924496,
        "fx": 500.24670915930756,
        "fy": 499.0448210740928,
        "height": 208,
        "width": 695
    }
}