{
    "camera": {
        "cx": 305.57844,
        "cy": 223.910294,
        "fx": 651.829578,
        "fy": 652.214702,
        "height": 480,
        "width": 640
    },
    "max_distortion": 101,
    "underlying_pinhole_camera": {
        "cx": 407.75623087499997,
        "cy": 298.54705866666666,
        "fx": 651.829578,
        "fy": 652.214702,
        "height": 640,
        "width": 854
    }
}