{
    "camera": {
        "cx": 327.9322084102564,
        "cy": 255.57632410256412,
        "fx": 576.2584738461538,
        "fy": 578.2731314871795,
        "height": 475,
        "width": 640
    },
    "max_distortion": 75,
    "underlying_pinhole_camera": {
        "cx": 417.60117164743593,
        "cy": 324.9854731746289,
        "fx": 576.2584738461538,
        "fy": 578.2731314871795,
        "height": 604,
        "width": 815
    }
}