{
    "camera": {
        "cx": 301.88608480000005,
        "cy": 239.96996959999998,
        "fx": 1176.1145328,
        "fy": 1181.9361541333335,
        "height": 512,
        "width": 640
    },
    "max_distortion": 5,
    "underlying_pinhole_camera": {
        "cx": 326.8860261975001,
        "cy": 259.65500616875,
        "fx": 1176.1145328,
        "fy": 1181.9361541333335,
        "height": 554,
        "width": 693
    }
}