{
    "camera": {
        "cx": 356.331849,
        "cy": 191.248883,
        "fx": 747.02684,
        "fy": 757.336986,
        "height": 480,
        "width": 640
    },
    "max_distortion": 23,
    "underlying_pinhole_camera": {
        "cx": 448.75542233437494,
        "cy": 240.65484444166668,
        "fx": 747.02684,
        "fy": 757.336986,
        "height": 604,
        "width": 806
    }
}