{
    "camera": {
        "cx": 307.21299637781226,
        "cy": 222.89345318237446,
        "fx": 1066.450384213298,
        "fy": 1065.039278555267,
        "height": 480,
        "width": 640
    },
    "max_distortion": 37,
    "underlying_pinhole_camera": {
        "cx": 360.0152301302487,
        "cy": 260.97108476769677,
        "fx": 1066.450384213298,
        "fy": 1065.039278555267,
        "height": 562,
        "width": 750
    }
}