{
    "camera": {
        "cx": 311.622739302916,
        "cy": 247.044686047471,
        "fx": 733.331336778539,
        "fy": 727.330202909555,
        "height": 480,
        "width": 640
    },
    "max_distortion": 7,
    "underlying_pinhole_camera": {
        "cx": 326.716965737901,
        "cy": 258.88224392057896,
        "fx": 733.331336778539,
        "fy": 727.330202909555,
        "height": 503,
        "width": 671
    }
}