{
    "camera": {
        "cx": 317.43469011208913,
        "cy": 236.64075178049944,
        "fx": 492.68740598175293,
        "fy": 493.7757519212658,
        "height": 480,
        "width": 640
    },
    "max_distortion": 137,
    "underlying_pinhole_camera": {
        "cx": 433.0007569810216,
        "cy": 322.4230243009305,
        "fx": 492.68740598175293,
        "fy": 493.7757519212658,
        "height": 654,
        "width": 873
    }
}