{
    "camera": {
        "cx": 333.36765,
        "cy": 228.90739,
        "fx": 655.18131,
        "fy": 653.04438,
        "height": 480,
        "width": 640
    },
    "max_distortion": 7,
    "underlying_pinhole_camera": {
        "cx": 349.515145546875,
        "cy": 239.87586910416667,
        "fx": 655.18131,
        "fy": 653.04438,
        "height": 503,
        "width": 671
    }
}