{
    "camera": {
        "cx": 307.754206,
        "cy": 233.245299,
        "fx": 562.278857,
        "fy": 563.043409,
        "height": 480,
        "width": 640
    },
    "max_distortion": 21,
    "underlying_pinhole_camera": {
        "cx": 337.56789470625,
        "cy": 255.59797348749998,
        "fx": 562.278857,
        "fy": 563.043409,
        "height": 526,
        "width": 702
    }
}