{
    "camera": {
        "cx": 332.8371636402123,
        "cy": 234.99266014283754,
        "fx": 495.4009770482672,
        "fy": 496.34304104151084,
        "height": 480,
        "width": 640
    },
    "max_distortion": 137,
    "underlying_pinhole_camera": {
        "cx": 463.3717387553581,
        "cy": 327.03145203211557,
        "fx": 495.4009770482672,
        "fy": 496.34304104151084,
        "height": 668,
        "width": 891
    }
}