{
    "camera": {
        "cx": 324.3656300897068,
        "cy": 239.4757465896153,
        "fx": 537.0044212316329,
        "fy": 537.8533669002281,
        "height": 480,
        "width": 640
    },
    "max_distortion": 7,
    "underlying_pinhole_camera": {
        "cx": 338.0498051091163,
        "cy": 249.45390269751593,
        "fx": 537.0044212316329,
        "fy": 537.8533669002281,
        "height": 500,
        "width": 667
    }
}