{
    "camera": {
        "cx": 312.7251072837073,
        "cy": 229.8216936068966,
        "fx": 577.790275431652,
        "fy": 577.0443001864718,
        "height": 480,
        "width": 640
    },
    "max_distortion": 21,
    "underlying_pinhole_camera": {
        "cx": 347.41804887299355,
        "cy": 255.19783894265808,
        "fx": 577.790275431652,
        "fy": 577.0443001864718,
        "height": 533,
        "width": 711
    }
}