{
    "camera": {
        "cx": 316.30057739130433,
        "cy": 231.4820814906832,
        "fx": 387.8575239751553,
        "fy": 383.8048660869565,
        "height": 479,
        "width": 640
    },
    "max_distortion": 160,
    "underlying_pinhole_camera": {
        "cx": 462.58959443478255,
        "cy": 338.28279132250157,
        "fx": 387.8575239751553,
        "fy": 383.8048660869565,
        "height": 700,
        "width": 936
    }
}