{
    "camera": {
        "cx": 298.247766,
        "cy": 244.923655,
        "fx": 571.931829,
        "fy": 571.785647,
        "height": 480,
        "width": 640
    },
    "max_distortion": 3,
    "underlying_pinhole_camera": {
        "cx": 322.4803969875,
        "cy": 264.82370196874996,
        "fx": 571.931829,
        "fy": 571.785647,
        "height": 519,
        "width": 692
    }
}