{
    "camera": {
        "cx": 330.525636957696,
        "cy": 252.463246920169,
        "fx": 628.605769204058,
        "fy": 626.873332341329,
        "height": 480,
        "width": 640
    },
    "max_distortion": 5,
    "underlying_pinhole_camera": {
        "cx": 352.73282819079117,
        "cy": 269.2941300481803,
        "fx": 628.605769204058,
        "fy": 626.873332341329,
        "height": 512,
        "width": 683
    }
}