{
    "camera": {
        "cx": 330.413183,
        "cy": 242.762793,
        "fx": 569.781481,
        "fy": 566.443882,
        "height": 480,
        "width": 640
    },
    "max_distortion": 20,
    "underlying_pinhole_camera": {
        "cx": 351.0640069375,
        "cy": 257.9354675625,
        "fx": 569.781481,
        "fy": 566.443882,
        "height": 510,
        "width": 680
    }
}