{
    "camera": {
        "cx": 345.90736510638294,
        "cy": 208.53706382978723,
        "fx": 466.1273608510638,
        "fy": 463.20951148936166,
        "height": 408,
        "width": 640
    },
    "max_distortion": 18,
    "underlying_pinhole_camera": {
        "cx": 379.4171411010638,
        "cy": 228.47075375469336,
        "fx": 466.1273608510638,
        "fy": 463.20951148936166,
        "height": 447,
        "width": 702
    }
}