{
    "camera": {
        "cx": 319.0697471264368,
        "cy": 109.7048735632184,
        "fx": 439.9758620689655,
        "fy": 437.8092873563218,
        "height": 235,
        "width": 640
    },
    "max_distortion": 127,
    "underlying_pinhole_camera": {
        "cx": 472.6220629310345,
        "cy": 162.45657872340428,
        "fx": 439.9758620689655,
        "fy": 437.8092873563218,
        "height": 348,
        "width": 948
    }
}