{
    "camera": {
        "cx": 319.05230353441,
        "cy": 252.902906117044,
        "fx": 535.044041709227,
        "fy": 535.207054100367,
        "height": 480,
        "width": 640
    },
    "max_distortion": 14,
    "underlying_pinhole_camera": {
        "cx": 352.45309156066855,
        "cy": 279.2469588375694,
        "fx": 535.044041709227,
        "fy": 535.207054100367,
        "height": 530,
        "width": 707
    }
}