{
    "camera": {
        "cx": 303.813864,
        "cy": 233.973928,
        "fx": 525.757553,
        "fy": 527.49965,
        "height": 480,
        "width": 640
    },
    "max_distortion": 37,
    "underlying_pinhole_camera": {
        "cx": 350.81007108750003,
        "cy": 270.04490856666666,
        "fx": 525.757553,
        "fy": 527.49965,
        "height": 554,
        "width": 739
    }
}