{
    "camera": {
        "cx": 322.1620675776398,
        "cy": 237.45750658385094,
        "fx": 365.4156059627329,
        "fy": 363.07313341614906,
        "height": 479,
        "width": 640
    },
    "max_distortion": 152,
    "underlying_pinhole_camera": {
        "cx": 463.61135037344724,
        "cy": 341.56205018011127,
        "fx": 365.4156059627329,
        "fy": 363.07313341614906,
        "height": 689,
        "width": 921
    }
}