{
    "camera": {
        "cx": 320.69351,
        "cy": 264.203732,
        "fx": 529.717137,
        "fy": 532.742963,
        "height": 480,
        "width": 640
    },
    "max_distortion": 11,
    "underlying_pinhole_camera": {
        "cx": 358.274780703125,
        "cy": 295.02750073333334,
        "fx": 529.717137,
        "fy": 532.742963,
        "height": 536,
        "width": 715
    }
}