{
    "camera": {
        "cx": 309.9431153160407,
        "cy": 264.7755979025817,
        "fx": 553.9348180767487,
        "fy": 556.2982058841802,
        "height": 480,
        "width": 640
    },
    "max_distortion": 13,
    "underlying_pinhole_camera": {
        "cx": 340.93742684764476,
        "cy": 291.25315769283986,
        "fx": 553.9348180767487,
        "fy": 556.2982058841802,
        "height": 528,
        "width": 704
    }
}