{
    "camera": {
        "cx": 338.9883026502901,
        "cy": 208.7243920988924,
        "fx": 874.6970849051922,
        "fy": 867.3402143439776,
        "height": 480,
        "width": 640
    },
    "max_distortion": 2,
    "underlying_pinhole_camera": {
        "cx": 386.1288634875961,
        "cy": 237.4239960124901,
        "fx": 874.6970849051922,
        "fy": 867.3402143439776,
        "height": 546,
        "width": 729
    }
}