{
    "camera": {
        "cx": 331.403348466206,
        "cy": 135.879365106014,
        "fx": 569.883158064802,
        "fy": 568.007065238522,
        "height": 360,
        "width": 640
    },
    "max_distortion": 117,
    "underlying_pinhole_camera": {
        "cx": 516.2642787825116,
        "cy": 211.3679012760218,
        "fx": 569.883158064802,
        "fy": 568.007065238522,
        "height": 560,
        "width": 997
    }
}