{
    "camera": {
        "cx": 329.87171239669425,
        "cy": 208.1515388429752,
        "fx": 477.1643580165289,
        "fy": 475.0038009917356,
        "height": 401,
        "width": 640
    },
    "max_distortion": 49,
    "underlying_pinhole_camera": {
        "cx": 333.9951088016529,
        "cy": 210.74694456420931,
        "fx": 477.1643580165289,
        "fy": 475.0038009917356,
        "height": 406,
        "width": 648
    }
}