{
    "camera": {
        "cx": 313.3797714550436,
        "cy": 216.9704126955686,
        "fx": 643.277112696291,
        "fy": 646.6417070998183,
        "height": 480,
        "width": 640
    },
    "max_distortion": 100,
    "underlying_pinhole_camera": {
        "cx": 427.46959450039543,
        "cy": 295.62218729771223,
        "fx": 643.277112696291,
        "fy": 646.6417070998183,
        "height": 654,
        "width": 873
    }
}