{
    "camera": {
        "cx": 341.80897,
        "cy": 227.25731,
        "fx": 698.05435,
        "fy": 697.6091,
        "height": 480,
        "width": 640
    },
    "max_distortion": 6,
    "underlying_pinhole_camera": {
        "cx": 372.251331390625,
        "cy": 247.142324625,
        "fx": 698.05435,
        "fy": 697.6091,
        "height": 522,
        "width": 697
    }
}