{
    "camera": {
        "cx": 331.995983,
        "cy": 176.5074245,
        "fx": 453.912686,
        "fy": 454.613984,
        "height": 360,
        "width": 640
    },
    "max_distortion": 15,
    "underlying_pinhole_camera": {
        "cx": 358.97065661875007,
        "cy": 190.7260781402778,
        "fx": 453.912686,
        "fy": 454.613984,
        "height": 389,
        "width": 692
    }
}