{
    "camera": {
        "cx": 331.8001629831776,
        "cy": 245.2891524835611,
        "fx": 615.373519771983,
        "fy": 614.2095128543981,
        "height": 480,
        "width": 640
    },
    "max_distortion": 15,
    "underlying_pinhole_camera": {
        "cx": 339.0582915484346,
        "cy": 250.39934316030198,
        "fx": 615.373519771983,
        "fy": 614.2095128543981,
        "height": 490,
        "width": 654
    }
}