{
    "camera": {
        "cx": 343.48491358053,
        "cy": 191.6398198498487,
        "fx": 447.9690176078583,
        "fy": 446.2815084543043,
        "height": 360,
        "width": 640
    },
    "max_distortion": 18,
    "underlying_pinhole_camera": {
        "cx": 390.17739402038336,
        "cy": 217.1917958298285,
        "fx": 447.9690176078583,
        "fy": 446.2815084543043,
        "height": 408,
        "width": 727
    }
}