{
    "camera": {
        "cx": 310.1353746666666,
        "cy": 180.38553233333334,
        "fx": 468.8337246666666,
        "fy": 469.6483843333333,
        "height": 360,
        "width": 640
    },
    "max_distortion": 8,
    "underlying_pinhole_camera": {
        "cx": 328.06507601458327,
        "cy": 190.40695079629631,
        "fx": 468.8337246666666,
        "fy": 469.6483843333333,
        "height": 380,
        "width": 677
    }
}