{
    "camera": {
        "cx": 307.433982,
        "cy": 190.144373,
        "fx": 561.999146,
        "fy": 561.782697,
        "height": 360,
        "width": 640
    },
    "max_distortion": 125,
    "underlying_pinhole_camera": {
        "cx": 434.25049957500005,
        "cy": 268.31483745555556,
        "fx": 561.999146,
        "fy": 561.782697,
        "height": 508,
        "width": 904
    }
}