{
    "camera": {
        "cx": 346.4560078627374,
        "cy": 240.0112155124814,
        "fx": 707.1953043273086,
        "fy": 709.5783421541863,
        "height": 480,
        "width": 640
    },
    "max_distortion": 1245,
    "underlying_pinhole_camera": {
        "cx": 1152.5075636558875,
        "cy": 798.0372915790007,
        "fx": 707.1953043273086,
        "fy": 709.5783421541863,
        "height": 1596,
        "width": 2129
    }
}