{
    "camera": {
        "cx": 322.453185,
        "cy": 174.243174,
        "fx": 396.17782,
        "fy": 399.798333,
        "height": 368,
        "width": 640
    },
    "max_distortion": 6,
    "underlying_pinhole_camera": {
        "cx": 344.11800836718754,
        "cy": 185.60685926086956,
        "fx": 396.17782,
        "fy": 399.798333,
        "height": 392,
        "width": 683
    }
}