{
    "camera": {
        "cx": 303.2581118672199,
        "cy": 241.93369958506224,
        "fx": 319.487788879668,
        "fy": 319.44119369294606,
        "height": 480,
        "width": 640
    },
    "max_distortion": 63,
    "underlying_pinhole_camera": {
        "cx": 374.8080726358921,
        "cy": 298.8889246957123,
        "fx": 319.487788879668,
        "fy": 319.44119369294606,
        "height": 593,
        "width": 791
    }
}