{
    "camera": {
        "cx": 356.76728399455067,
        "cy": 204.8814774183492,
        "fx": 482.2655226869123,
        "fy": 488.06533085598335,
        "height": 360,
        "width": 640
    },
    "max_distortion": 20,
    "underlying_pinhole_camera": {
        "cx": 410.28237659373326,
        "cy": 235.61369903110156,
        "fx": 482.2655226869123,
        "fy": 488.06533085598335,
        "height": 414,
        "width": 736
    }
}