{
    "camera": {
        "cx": 309.9076354424692,
        "cy": 240.3041595153353,
        "fx": 530.7065072329666,
        "fy": 530.5390232310633,
        "height": 480,
        "width": 640
    },
    "max_distortion": 4,
    "underlying_pinhole_camera": {
        "cx": 324.91878653421384,
        "cy": 251.81873382544512,
        "fx": 530.7065072329666,
        "fy": 530.5390232310633,
        "height": 503,
        "width": 671
    }
}