{
    "camera": {
        "cx": 318.03225,
        "cy": 187.147825,
        "fx": 483.28386,
        "fy": 481.920045,
        "height": 360,
        "width": 640
    },
    "max_distortion": 125,
    "underlying_pinhole_camera": {
        "cx": 447.23285156249995,
        "cy": 263.0466651388889,
        "fx": 483.28386,
        "fy": 481.920045,
        "height": 506,
        "width": 900
    }
}