{
    "camera": {
        "cx": 317.544,
        "cy": 239.05,
        "fx": 640.699,
        "fy": 639.77,
        "height": 480,
        "width": 640
    },
    "max_distortion": 3,
    "underlying_pinhole_camera": {
        "cx": 321.0171375,
        "cy": 241.54010416666668,
        "fx": 640.699,
        "fy": 639.77,
        "height": 485,
        "width": 647
    }
}