{
    "camera": {
        "cx": 561.577998945442,
        "cy": -26935030.930002514,
        "fx": -394.6953781862233,
        "fy": -39553303.04288773,
        "height": 360,
        "width": 640
    },
    "max_distortion": 13043817825332783104,
    "underlying_pinhole_camera": {
        "cx": 1.7549312467045062,
        "cy": -74819.5303611181,
        "fx": -394.6953781862233,
        "fy": -39553303.04288773,
        "height": 1,
        "width": 2
    }
}