{
    "camera": {
        "cx": 329.692367951685,
        "cy": 244.4605588877848,
        "fx": 307.7379294605756,
        "fy": 314.9827773443905,
        "height": 480,
        "width": 640
    },
    "max_distortion": 216,
    "underlying_pinhole_camera": {
        "cx": 545.5378400950538,
        "cy": 404.37850782687735,
        "fx": 307.7379294605756,
        "fy": 314.9827773443905,
        "height": 794,
        "width": 1059
    }
}