{
    "camera": {
        "cx": 282.368945621888,
        "cy": 213.387547308344,
        "fx": 548.279017891662,
        "fy": 551.483693514748,
        "height": 480,
        "width": 640
    },
    "max_distortion": 7,
    "underlying_pinhole_camera": {
        "cx": 321.6358771224318,
        "cy": 242.7283350632413,
        "fx": 548.279017891662,
        "fy": 551.483693514748,
        "height": 546,
        "width": 729
    }
}