{
    "camera": {
        "cx": 305.67502276984027,
        "cy": 284.9404807881388,
        "fx": 439.18984775404743,
        "fy": 439.9840757984053,
        "height": 480,
        "width": 640
    },
    "max_distortion": 148,
    "underlying_pinhole_camera": {
        "cx": 494.3338258856011,
        "cy": 460.6537772741578,
        "fx": 439.18984775404743,
        "fy": 439.9840757984053,
        "height": 776,
        "width": 1035
    }
}