{
    "camera": {
        "cx": 336.61373349524376,
        "cy": 247.32303709354264,
        "fx": 1066.2844206681345,
        "fy": 1067.5066618233966,
        "height": 480,
        "width": 640
    },
    "max_distortion": 35,
    "underlying_pinhole_camera": {
        "cx": 386.579834560944,
        "cy": 283.9062363302958,
        "fx": 1066.2844206681345,
        "fy": 1067.5066618233966,
        "height": 551,
        "width": 735
    }
}