{
    "camera": {
        "cx": 328.134524,
        "cy": 2.433786,
        "fx": 1077.520938,
        "fy": 1081.892221,
        "height": 480,
        "width": 640
    },
    "max_distortion": 69,
    "underlying_pinhole_camera": {
        "cx": 734.71370764375,
        "cy": 5.4455961749999995,
        "fx": 1077.520938,
        "fy": 1081.892221,
        "height": 1074,
        "width": 1433
    }
}