{
    "camera": {
        "cx": 279.067229,
        "cy": 258.804719,
        "fx": 811.587971,
        "fy": 809.119438,
        "height": 472,
        "width": 640
    },
    "max_distortion": 8,
    "underlying_pinhole_camera": {
        "cx": 318.311058078125,
        "cy": 294.9935144533898,
        "fx": 811.587971,
        "fy": 809.119438,
        "height": 538,
        "width": 730
    }
}