{
    "camera": {
        "cx": 321.2469355,
        "cy": 173.7442035,
        "fx": 679.9915685,
        "fy": 681.0682985,
        "height": 400,
        "width": 640
    },
    "max_distortion": 9,
    "underlying_pinhole_camera": {
        "cx": 367.92813081484377,
        "cy": 198.9371130075,
        "fx": 679.9915685,
        "fy": 681.0682985,
        "height": 458,
        "width": 733
    }
}