{
    "camera": {
        "cx": 321.7447715,
        "cy": 187.6512395,
        "fx": 616.4005225,
        "fy": 620.0448955,
        "height": 360,
        "width": 640
    },
    "max_distortion": 5,
    "underlying_pinhole_camera": {
        "cx": 341.85381971875,
        "cy": 199.11881524722222,
        "fx": 616.4005225,
        "fy": 620.0448955,
        "height": 382,
        "width": 680
    }
}