{
    "camera": {
        "cx": 323.5110775508306,
        "cy": 252.01784166252898,
        "fx": 367.899579956096,
        "fy": 368.1338399592538,
        "height": 509,
        "width": 640
    },
    "max_distortion": 191,
    "underlying_pinhole_camera": {
        "cx": 491.8379350889971,
        "cy": 382.73043537354596,
        "fx": 367.899579956096,
        "fy": 368.1338399592538,
        "height": 773,
        "width": 973
    }
}