{
    "camera": {
        "cx": 352.1321445,
        "cy": 149.284956,
        "fx": 454.682724,
        "fy": 453.3196595,
        "height": 360,
        "width": 640
    },
    "max_distortion": 43,
    "underlying_pinhole_camera": {
        "cx": 459.97261375312496,
        "cy": 194.89980366666666,
        "fx": 454.682724,
        "fy": 453.3196595,
        "height": 470,
        "width": 836
    }
}