{
    "camera": {
        "cx": 319.48392,
        "cy": 226.6269955,
        "fx": 713.529596,
        "fy": 712.420931,
        "height": 480,
        "width": 640
    },
    "max_distortion": 2,
    "underlying_pinhole_camera": {
        "cx": 340.94924587500003,
        "cy": 241.73546186666667,
        "fx": 713.529596,
        "fy": 712.420931,
        "height": 512,
        "width": 683
    }
}