{
    "camera": {
        "cx": 321.3581807708304,
        "cy": 231.8136114189799,
        "fx": 343.1695847366095,
        "fy": 344.6190866542191,
        "height": 480,
        "width": 640
    },
    "max_distortion": 17,
    "underlying_pinhole_camera": {
        "cx": 333.911234707191,
        "cy": 240.50662184719164,
        "fx": 343.1695847366095,
        "fy": 344.6190866542191,
        "height": 498,
        "width": 665
    }
}