{
    "camera": {
        "cx": 305.322306,
        "cy": 174.344612,
        "fx": 632.882463,
        "fy": 643.573628,
        "height": 480,
        "width": 640
    },
    "max_distortion": 37,
    "underlying_pinhole_camera": {
        "cx": 417.432840234375,
        "cy": 238.27096973333337,
        "fx": 632.882463,
        "fy": 643.573628,
        "height": 656,
        "width": 875
    }
}