{
    "camera": {
        "cx": 301.22799017492184,
        "cy": 202.99071931072982,
        "fx": 462.3025419358323,
        "fy": 464.2413648886153,
        "height": 360,
        "width": 640
    },
    "max_distortion": 216,
    "underlying_pinhole_camera": {
        "cx": 502.6742086044008,
        "cy": 338.31786551788304,
        "fx": 462.3025419358323,
        "fy": 464.2413648886153,
        "height": 600,
        "width": 1068
    }
}