{
    "camera": {
        "cx": 312.758627003391,
        "cy": 242.404672759203,
        "fx": 580.551774282628,
        "fy": 581.74011622224,
        "height": 480,
        "width": 640
    },
    "max_distortion": 4,
    "underlying_pinhole_camera": {
        "cx": 323.50970480663256,
        "cy": 250.48482851784308,
        "fx": 580.551774282628,
        "fy": 581.74011622224,
        "height": 496,
        "width": 662
    }
}