{
    "camera": {
        "cx": 323.461269,
        "cy": 211.26093,
        "fx": 830.317831,
        "fy": 834.226704,
        "height": 480,
        "width": 640
    },
    "max_distortion": 11,
    "underlying_pinhole_camera": {
        "cx": 373.49668404843754,
        "cy": 243.83032337499998,
        "fx": 830.317831,
        "fy": 834.226704,
        "height": 554,
        "width": 739
    }
}