{
    "camera": {
        "cx": 301.8002989842559,
        "cy": 200.10217093493102,
        "fx": 659.9187647033281,
        "fy": 659.9187647033281,
        "height": 360,
        "width": 640
    },
    "max_distortion": 13043817825332781056,
    "underlying_pinhole_camera": {
        "cx": 1169.0045955968287,
        "cy": 774.8400730091495,
        "fx": 659.9187647033281,
        "fy": 659.9187647033281,
        "height": 1394,
        "width": 2479
    }
}