{
    "camera": {
        "cx": 199.2680620421962,
        "cy": 155.2533082600705,
        "fx": 322.0704122808738,
        "fy": 320.8673986158544,
        "height": 480,
        "width": 640
    },
    "max_distortion": 13043817825332783104,
    "underlying_pinhole_camera": {
        "cx": 443.0600816969456,
        "cy": 345.1151664864484,
        "fx": 322.0704122808738,
        "fy": 320.8673986158544,
        "height": 1067,
        "width": 1423
    }
}