{
    "camera": {
        "cx": 307.20573,
        "cy": 233.52064,
        "fx": 500.80696,
        "fy": 500.39406,
        "height": 480,
        "width": 640
    },
    "max_distortion": 50,
    "underlying_pinhole_camera": {
        "cx": 359.04669693750003,
        "cy": 272.92724799999996,
        "fx": 500.80696,
        "fy": 500.39406,
        "height": 561,
        "width": 748
    }
}