{
    "camera": {
        "cx": 349.566052566449,
        "cy": 248.932356922439,
        "fx": 769.14190125317,
        "fy": 774.4112779539126,
        "height": 480,
        "width": 640
    },
    "max_distortion": 21,
    "underlying_pinhole_camera": {
        "cx": 403.63955132282155,
        "cy": 287.30942861464837,
        "fx": 769.14190125317,
        "fy": 774.4112779539126,
        "height": 554,
        "width": 739
    }
}