{
    "camera": {
        "cx": 327.9132204054025,
        "cy": 236.55488952816785,
        "fx": 496.6352868173986,
        "fy": 497.05660166890533,
        "height": 480,
        "width": 640
    },
    "max_distortion": 144,
    "underlying_pinhole_camera": {
        "cx": 456.5166865331463,
        "cy": 329.2055545933669,
        "fx": 496.6352868173986,
        "fy": 497.05660166890533,
        "height": 668,
        "width": 891
    }
}