{
    "camera": {
        "cx": 329.72297166912483,
        "cy": 190.39405587202745,
        "fx": 427.1016228266951,
        "fy": 425.4062631633516,
        "height": 408,
        "width": 640
    },
    "max_distortion": 95,
    "underlying_pinhole_camera": {
        "cx": 439.97409032098847,
        "cy": 253.85874116270327,
        "fx": 427.1016228266951,
        "fy": 425.4062631633516,
        "height": 544,
        "width": 854
    }
}