{
    "camera": {
        "cx": 319.2252455,
        "cy": 170.8726365,
        "fx": 492.223249,
        "fy": 494.1622895,
        "height": 360,
        "width": 640
    },
    "max_distortion": 5,
    "underlying_pinhole_camera": {
        "cx": 342.66834946640626,
        "cy": 183.213438025,
        "fx": 492.223249,
        "fy": 494.1622895,
        "height": 386,
        "width": 687
    }
}