{
    "camera": {
        "cx": 348.263175,
        "cy": 211.849113,
        "fx": 563.330173,
        "fy": 562.385259,
        "height": 480,
        "width": 640
    },
    "max_distortion": 123,
    "underlying_pinhole_camera": {
        "cx": 504.43744253906254,
        "cy": 306.73986153124997,
        "fx": 563.330173,
        "fy": 562.385259,
        "height": 695,
        "width": 927
    }
}