{
    "camera": {
        "cx": 319.8693754746931,
        "cy": 250.1641273283764,
        "fx": 566.0514880733639,
        "fy": 563.765923284076,
        "height": 480,
        "width": 640
    },
    "max_distortion": 7,
    "underlying_pinhole_camera": {
        "cx": 342.8599868369366,
        "cy": 267.88408634746975,
        "fx": 566.0514880733639,
        "fy": 563.765923284076,
        "height": 514,
        "width": 686
    }
}