{
    "camera": {
        "cx": 320.729233,
        "cy": 269.65134,
        "fx": 579.199763,
        "fy": 578.29703,
        "height": 480,
        "width": 640
    },
    "max_distortion": 7,
    "underlying_pinhole_camera": {
        "cx": 370.3420362296875,
        "cy": 311.22258825000006,
        "fx": 579.199763,
        "fy": 578.29703,
        "height": 554,
        "width": 739
    }
}