{
    "camera": {
        "cx": 317.729,
        "cy": 199.20566666666664,
        "fx": 468.12813333333327,
        "fy": 466.1746666666666,
        "height": 400,
        "width": 640
    },
    "max_distortion": 31,
    "underlying_pinhole_camera": {
        "cx": 347.51609375,
        "cy": 217.6321908333333,
        "fx": 468.12813333333327,
        "fy": 466.1746666666666,
        "height": 437,
        "width": 700
    }
}