{
    "camera": {
        "cx": 325.529294950075,
        "cy": 240.110513622751,
        "fx": 573.164592404304,
        "fy": 574.057033722257,
        "height": 480,
        "width": 640
    },
    "max_distortion": 7,
    "underlying_pinhole_camera": {
        "cx": 339.26256208078127,
        "cy": 250.11511835703232,
        "fx": 573.164592404304,
        "fy": 574.057033722257,
        "height": 500,
        "width": 667
    }
}