{
    "camera": {
        "cx": 450.31970804265916,
        "cy": 342.2347864945953,
        "fx": 572.5952068422595,
        "fy": 572.4518660875177,
        "height": 961,
        "width": 640
    },
    "max_distortion": 13043817825332783104,
    "underlying_pinhole_camera": {
        "cx": 1419.9143294220098,
        "cy": 1079.0545297384222,
        "fx": 572.5952068422595,
        "fy": 572.4518660875177,
        "height": 3030,
        "width": 2018
    }
}