{
    "camera": {
        "cx": 296.5510457981297,
        "cy": 213.0903768923715,
        "fx": 879.3029856737741,
        "fy": 885.3267823276828,
        "height": 480,
        "width": 640
    },
    "max_distortion": 13,
    "underlying_pinhole_camera": {
        "cx": 331.303121477598,
        "cy": 237.95092086314816,
        "fx": 879.3029856737741,
        "fy": 885.3267823276828,
        "height": 536,
        "width": 715
    }
}