{
    "camera": {
        "cx": 317.048839304563,
        "cy": 243.606017084766,
        "fx": 535.537849302441,
        "fy": 536.621527560867,
        "height": 480,
        "width": 640
    },
    "max_distortion": 5,
    "underlying_pinhole_camera": {
        "cx": 327.9473931556573,
        "cy": 251.7262176542582,
        "fx": 535.537849302441,
        "fy": 536.621527560867,
        "height": 496,
        "width": 662
    }
}