{
    "camera": {
        "cx": 318.380500896037,
        "cy": 240.607346110853,
        "fx": 596.090280769131,
        "fy": 594.032328996907,
        "height": 480,
        "width": 640
    },
    "max_distortion": 5,
    "underlying_pinhole_camera": {
        "cx": 322.36025715723747,
        "cy": 243.61493793723866,
        "fx": 596.090280769131,
        "fy": 594.032328996907,
        "height": 486,
        "width": 648
    }
}