{
    "camera": {
        "cx": 308.885375457296,
        "cy": 247.600724811385,
        "fx": 558.570339530768,
        "fy": 556.122943034837,
        "height": 480,
        "width": 640
    },
    "max_distortion": 13,
    "underlying_pinhole_camera": {
        "cx": 332.5344120157452,
        "cy": 266.1707791722389,
        "fx": 558.570339530768,
        "fy": 556.122943034837,
        "height": 516,
        "width": 689
    }
}