{
    "camera": {
        "cx": 339.2062081793869,
        "cy": 231.7148015219177,
        "fx": 551.8577416645262,
        "fy": 551.3386458298208,
        "height": 480,
        "width": 640
    },
    "max_distortion": 28,
    "underlying_pinhole_camera": {
        "cx": 386.9070812046132,
        "cy": 264.05832590101875,
        "fx": 551.8577416645262,
        "fy": 551.3386458298208,
        "height": 547,
        "width": 730
    }
}