{
    "camera": {
        "cx": 345.945,
        "cy": 241.155,
        "fx": 577.315,
        "fy": 578.23,
        "height": 480,
        "width": 640
    },
    "max_distortion": 79,
    "underlying_pinhole_camera": {
        "cx": 447.02580468749994,
        "cy": 311.49187500000005,
        "fx": 577.315,
        "fy": 578.23,
        "height": 620,
        "width": 827
    }
}