{
    "camera": {
        "cx": 322.136799,
        "cy": 4.162458,
        "fx": 1046.16129,
        "fy": 1052.457793,
        "height": 480,
        "width": 640
    },
    "max_distortion": 77,
    "underlying_pinhole_camera": {
        "cx": 728.3311689890626,
        "cy": 9.4088894375,
        "fx": 1046.16129,
        "fy": 1052.457793,
        "height": 1085,
        "width": 1447
    }
}