{
    "camera": {
        "cx": 335.1789469381167,
        "cy": 298.89779389447125,
        "fx": 636.5628458115257,
        "fy": 650.2329910794574,
        "height": 480,
        "width": 640
    },
    "max_distortion": 28,
    "underlying_pinhole_camera": {
        "cx": 431.54289418282525,
        "cy": 384.8309096391317,
        "fx": 636.5628458115257,
        "fy": 650.2329910794574,
        "height": 618,
        "width": 824
    }
}