{
    "camera": {
        "cx": 292.06162127659576,
        "cy": 211.9393285106383,
        "fx": 329.7421055319149,
        "fy": 333.2057889361702,
        "height": 408,
        "width": 640
    },
    "max_distortion": 13043817825332783104,
    "underlying_pinhole_camera": {
        "cx": 504.718989268617,
        "cy": 366.21869264705884,
        "fx": 329.7421055319149,
        "fy": 333.2057889361702,
        "height": 705,
        "width": 1106
    }
}