{
    "camera": {
        "cx": 333.8614279598337,
        "cy": 231.59212374109046,
        "fx": 1071.298737382407,
        "fy": 1073.0516998337855,
        "height": 480,
        "width": 640
    },
    "max_distortion": 34,
    "underlying_pinhole_camera": {
        "cx": 379.2457158231236,
        "cy": 262.95355716436313,
        "fx": 1071.298737382407,
        "fy": 1073.0516998337855,
        "height": 545,
        "width": 727
    }
}