{
    "camera": {
        "cx": 318.344413,
        "cy": 229.5879105,
        "fx": 515.2324645,
        "fy": 512.513166,
        "height": 480,
        "width": 640
    },
    "max_distortion": 118,
    "underlying_pinhole_camera": {
        "cx": 428.770131259375,
        "cy": 308.98706288125,
        "fx": 515.2324645,
        "fy": 512.513166,
        "height": 646,
        "width": 862
    }
}