{
    "camera": {
        "cx": 316.177018,
        "cy": 235.340274,
        "fx": 485.833681,
        "fy": 483.85465,
        "height": 480,
        "width": 640
    },
    "max_distortion": 145,
    "underlying_pinhole_camera": {
        "cx": 439.189639065625,
        "cy": 326.534630175,
        "fx": 485.833681,
        "fy": 483.85465,
        "height": 666,
        "width": 889
    }
}