{
    "camera": {
        "cx": 336.6232716787631,
        "cy": 244.8304806035557,
        "fx": 642.5793848798857,
        "fy": 644.8809875234275,
        "height": 480,
        "width": 640
    },
    "max_distortion": 10,
    "underlying_pinhole_camera": {
        "cx": 363.97391250266264,
        "cy": 264.72295715259463,
        "fx": 642.5793848798857,
        "fy": 644.8809875234275,
        "height": 519,
        "width": 692
    }
}