{
    "camera": {
        "cx": 312.26743504188,
        "cy": 233.63478744604976,
        "fx": 1077.184039404776,
        "fy": 1078.7120456549244,
        "height": 480,
        "width": 640
    },
    "max_distortion": 36,
    "underlying_pinhole_camera": {
        "cx": 351.78878228936793,
        "cy": 262.839135876806,
        "fx": 1077.184039404776,
        "fy": 1078.7120456549244,
        "height": 540,
        "width": 721
    }
}