{
    "camera": {
        "cx": 318.41280803893454,
        "cy": 193.2823927029079,
        "fx": 526.2070653849768,
        "fy": 526.2316622798846,
        "height": 408,
        "width": 640
    },
    "max_distortion": 145,
    "underlying_pinhole_camera": {
        "cx": 462.1960916690159,
        "cy": 280.44896196108203,
        "fx": 526.2070653849768,
        "fy": 526.2316622798846,
        "height": 592,
        "width": 929
    }
}