{
    "camera": {
        "cx": 593.0773333333333,
        "cy": 328.37333333333333,
        "fx": 968.471111111111,
        "fy": 979.9546666666666,
        "height": 1137,
        "width": 640
    },
    "max_distortion": 1006,
    "underlying_pinhole_camera": {
        "cx": 1122.2135166666667,
        "cy": 621.2234300791557,
        "fx": 968.471111111111,
        "fy": 979.9546666666666,
        "height": 2151,
        "width": 1211
    }
}