{
    "camera": {
        "cx": 312.123510734261,
        "cy": 241.829085407666,
        "fx": 584.138602816567,
        "fy": 583.55933921,
        "height": 480,
        "width": 640
    },
    "max_distortion": 5,
    "underlying_pinhole_camera": {
        "cx": 324.3158353723181,
        "cy": 250.8976761104535,
        "fx": 584.138602816567,
        "fy": 583.55933921,
        "height": 498,
        "width": 665
    }
}