{
    "camera": {
        "cx": 166.0158093837249,
        "cy": 126.23033479571679,
        "fx": 129.89944035703834,
        "fy": 129.0043427933394,
        "height": 360,
        "width": 640
    },
    "max_distortion": 13043817825332781056,
    "underlying_pinhole_camera": {
        "cx": 251.0989116928839,
        "cy": 190.74806146908315,
        "fx": 129.89944035703834,
        "fy": 129.0043427933394,
        "height": 544,
        "width": 968
    }
}