{
    "camera": {
        "cx": 320.628836,
        "cy": 232.329619,
        "fx": 550.259279,
        "fy": 552.356793,
        "height": 480,
        "width": 640
    },
    "max_distortion": 8,
    "underlying_pinhole_camera": {
        "cx": 337.16126035625,
        "cy": 243.94609995,
        "fx": 550.259279,
        "fy": 552.356793,
        "height": 504,
        "width": 673
    }
}