{
    "camera": {
        "cx": 318.2922658266313,
        "cy": 252.6538407647939,
        "fx": 571.2327835651643,
        "fy": 567.8469897112915,
        "height": 480,
        "width": 640
    },
    "max_distortion": 6,
    "underlying_pinhole_camera": {
        "cx": 341.1695224329205,
        "cy": 270.55015448563347,
        "fx": 571.2327835651643,
        "fy": 567.8469897112915,
        "height": 514,
        "width": 686
    }
}