{
    "camera": {
        "cx": 334.83708810457523,
        "cy": 267.3639887581699,
        "fx": 383.9900588235294,
        "fy": 383.76976287581704,
        "height": 535,
        "width": 640
    },
    "max_distortion": 8,
    "underlying_pinhole_camera": {
        "cx": 357.33395496160136,
        "cy": 284.8550908264614,
        "fx": 383.9900588235294,
        "fy": 383.76976287581704,
        "height": 570,
        "width": 683
    }
}