{
    "camera": {
        "cx": 341.4811934033688,
        "cy": 220.0992834649649,
        "fx": 643.9502235931228,
        "fy": 639.5623423631937,
        "height": 480,
        "width": 640
    },
    "max_distortion": 30,
    "underlying_pinhole_camera": {
        "cx": 398.57258042549455,
        "cy": 256.7824973757924,
        "fx": 643.9502235931228,
        "fy": 639.5623423631937,
        "height": 560,
        "width": 747
    }
}