{
    "camera": {
        "cx": 328.215385486892,
        "cy": 216.7489633166179,
        "fx": 614.4176433339459,
        "fy": 616.455154739561,
        "height": 480,
        "width": 640
    },
    "max_distortion": 10,
    "underlying_pinhole_camera": {
        "cx": 372.83216445151635,
        "cy": 246.1003854324099,
        "fx": 614.4176433339459,
        "fy": 616.455154739561,
        "height": 545,
        "width": 727
    }
}