{
    "camera": {
        "cx": 312.817206085538,
        "cy": 230.9783176932233,
        "fx": 552.734916154184,
        "fy": 553.6667702242094,
        "height": 480,
        "width": 640
    },
    "max_distortion": 15,
    "underlying_pinhole_camera": {
        "cx": 327.9692895053062,
        "cy": 242.0460287493569,
        "fx": 552.734916154184,
        "fy": 553.6667702242094,
        "height": 503,
        "width": 671
    }
}