{
    "camera": {
        "cx": 344.407161,
        "cy": 236.892528,
        "fx": 588.899202,
        "fy": 592.561316,
        "height": 488,
        "width": 640
    },
    "max_distortion": 14,
    "underlying_pinhole_camera": {
        "cx": 386.38178374687493,
        "cy": 265.53322298360655,
        "fx": 588.899202,
        "fy": 592.561316,
        "height": 547,
        "width": 718
    }
}