{
    "camera": {
        "cx": 339.9230186666666,
        "cy": 184.38544766666666,
        "fx": 333.8755313333333,
        "fy": 334.01417066666664,
        "height": 360,
        "width": 640
    },
    "max_distortion": 3,
    "underlying_pinhole_camera": {
        "cx": 364.35498563333334,
        "cy": 197.1899926435185,
        "fx": 333.8755313333333,
        "fy": 334.01417066666664,
        "height": 385,
        "width": 686
    }
}