{
    "camera": {
        "cx": 330.449976314247,
        "cy": 179.014729860623,
        "fx": 667.35847908272,
        "fy": 668.587872507243,
        "height": 360,
        "width": 640
    },
    "max_distortion": 3,
    "underlying_pinhole_camera": {
        "cx": 344.9071627779953,
        "cy": 186.47367693814894,
        "fx": 667.35847908272,
        "fy": 668.587872507243,
        "height": 375,
        "width": 668
    }
}