{
    "camera": {
        "cx": 309.366895338178,
        "cy": 230.592233628776,
        "fx": 556.845054830986,
        "fy": 555.898679730161,
        "height": 480,
        "width": 640
    },
    "max_distortion": 5,
    "underlying_pinhole_camera": {
        "cx": 328.70232629681414,
        "cy": 245.0042482305745,
        "fx": 556.845054830986,
        "fy": 555.898679730161,
        "height": 510,
        "width": 680
    }
}