{
    "camera": {
        "cx": 315.778978739153,
        "cy": 246.116481979902,
        "fx": 525.042672813,
        "fy": 524.605377865008,
        "height": 480,
        "width": 640
    },
    "max_distortion": 103,
    "underlying_pinhole_camera": {
        "cx": 408.04564908949925,
        "cy": 317.9004558907068,
        "fx": 525.042672813,
        "fy": 524.605377865008,
        "height": 620,
        "width": 827
    }
}