{
    "camera": {
        "cx": 319.8692810457517,
        "cy": 267.843137254902,
        "fx": 1262.2065359477124,
        "fy": 1264.2143790849673,
        "height": 535,
        "width": 640
    },
    "max_distortion": 19,
    "underlying_pinhole_camera": {
        "cx": 337.3621323529412,
        "cy": 282.3617372182518,
        "fx": 1262.2065359477124,
        "fy": 1264.2143790849673,
        "height": 564,
        "width": 675
    }
}