{
    "camera": {
        "cx": 301.864792,
        "cy": 228.69742,
        "fx": 558.101422,
        "fy": 545.84913,
        "height": 480,
        "width": 640
    },
    "max_distortion": 22,
    "underlying_pinhole_camera": {
        "cx": 338.1828997875,
        "cy": 255.855238625,
        "fx": 558.101422,
        "fy": 545.84913,
        "height": 537,
        "width": 717
    }
}