{
    "camera": {
        "cx": 302.982298,
        "cy": 262.230057,
        "fx": 600.226564,
        "fy": 599.900801,
        "height": 488,
        "width": 640
    },
    "max_distortion": 8,
    "underlying_pinhole_camera": {
        "cx": 333.2805278,
        "cy": 288.0231773606557,
        "fx": 600.226564,
        "fy": 599.900801,
        "height": 536,
        "width": 704
    }
}