{
    "camera": {
        "cx": 328.626788,
        "cy": 234.106821,
        "fx": 574.781745,
        "fy": 574.41989,
        "height": 480,
        "width": 640
    },
    "max_distortion": 19,
    "underlying_pinhole_camera": {
        "cx": 356.86815259375,
        "cy": 254.10344529375,
        "fx": 574.781745,
        "fy": 574.41989,
        "height": 521,
        "width": 695
    }
}