{
    "camera": {
        "cx": 315.82018060330756,
        "cy": 189.91001234656395,
        "fx": 376.1954029533973,
        "fy": 377.68016572909994,
        "height": 360,
        "width": 640
    },
    "max_distortion": 38,
    "underlying_pinhole_camera": {
        "cx": 367.6344289835377,
        "cy": 221.03415325891748,
        "fx": 376.1954029533973,
        "fy": 377.68016572909994,
        "height": 419,
        "width": 745
    }
}