{
    "camera": {
        "cx": 321.1937925,
        "cy": 249.16586,
        "fx": 519.966968,
        "fy": 517.688026,
        "height": 480,
        "width": 640
    },
    "max_distortion": 125,
    "underlying_pinhole_camera": {
        "cx": 439.13213818359367,
        "cy": 340.52667533333334,
        "fx": 519.966968,
        "fy": 517.688026,
        "height": 656,
        "width": 875
    }
}