{
    "camera": {
        "cx": 325.78572664985245,
        "cy": 171.40191244892813,
        "fx": 483.27984037511294,
        "fy": 485.6205770130633,
        "height": 360,
        "width": 640
    },
    "max_distortion": 7,
    "underlying_pinhole_camera": {
        "cx": 344.62021397179706,
        "cy": 180.92424091831302,
        "fx": 483.27984037511294,
        "fy": 485.6205770130633,
        "height": 380,
        "width": 677
    }
}