{
    "camera": {
        "cx": 317.159612,
        "cy": 233.071463,
        "fx": 542.196986,
        "fy": 541.560407,
        "height": 480,
        "width": 640
    },
    "max_distortion": 7,
    "underlying_pinhole_camera": {
        "cx": 333.51315449375,
        "cy": 244.72503615,
        "fx": 542.196986,
        "fy": 541.560407,
        "height": 504,
        "width": 673
    }
}