{
    "camera": {
        "cx": 319.2847378408,
        "cy": 255.61624195857,
        "fx": 525.21500048093,
        "fy": 525.2065789444,
        "height": 480,
        "width": 640
    },
    "max_distortion": 9,
    "underlying_pinhole_camera": {
        "cx": 346.72326999899377,
        "cy": 277.45012929253113,
        "fx": 525.21500048093,
        "fy": 525.2065789444,
        "height": 521,
        "width": 695
    }
}