{
    "camera": {
        "cx": 317.607248252699,
        "cy": 278.288543076068,
        "fx": 609.054079473947,
        "fy": 610.885111676079,
        "height": 480,
        "width": 640
    },
    "max_distortion": 22,
    "underlying_pinhole_camera": {
        "cx": 372.1959940461316,
        "cy": 325.8295025182296,
        "fx": 609.054079473947,
        "fy": 610.885111676079,
        "height": 562,
        "width": 750
    }
}