{
    "camera": {
        "cx": 329.3883625248554,
        "cy": 220.82421631942702,
        "fx": 501.49746174519646,
        "fy": 501.245085880723,
        "height": 479,
        "width": 640
    },
    "max_distortion": 94,
    "underlying_pinhole_camera": {
        "cx": 437.46891897832353,
        "cy": 293.2029260525169,
        "fx": 501.49746174519646,
        "fy": 501.245085880723,
        "height": 636,
        "width": 850
    }
}