{
    "camera": {
        "cx": 315.293396,
        "cy": 236.472741,
        "fx": 597.409771,
        "fy": 549.814336,
        "height": 480,
        "width": 640
    },
    "max_distortion": 7,
    "underlying_pinhole_camera": {
        "cx": 319.23456344999994,
        "cy": 239.4286502625,
        "fx": 597.409771,
        "fy": 549.814336,
        "height": 486,
        "width": 648
    }
}