{
    "camera": {
        "cx": 300.450355,
        "cy": 247.490523,
        "fx": 650.205745,
        "fy": 648.217984,
        "height": 480,
        "width": 640
    },
    "max_distortion": 72,
    "underlying_pinhole_camera": {
        "cx": 374.1545827109375,
        "cy": 307.81633798125,
        "fx": 650.205745,
        "fy": 648.217984,
        "height": 597,
        "width": 797
    }
}