{
    "camera": {
        "cx": 325.76019735431316,
        "cy": 177.21299895793874,
        "fx": 347.74251320970995,
        "fy": 347.74251320970995,
        "height": 360,
        "width": 640
    },
    "max_distortion": 114,
    "underlying_pinhole_camera": {
        "cx": 436.21326426976,
        "cy": 237.2685152714624,
        "fx": 347.74251320970995,
        "fy": 347.74251320970995,
        "height": 482,
        "width": 857
    }
}