{
    "camera": {
        "cx": 284.232429,
        "cy": 221.564375,
        "fx": 546.813892,
        "fy": 547.330507,
        "height": 480,
        "width": 640
    },
    "max_distortion": 5,
    "underlying_pinhole_camera": {
        "cx": 318.87325628437503,
        "cy": 248.3367369791667,
        "fx": 546.813892,
        "fy": 547.330507,
        "height": 538,
        "width": 718
    }
}