{
    "camera": {
        "cx": 1223.5,
        "cy": 1024.5,
        "fx": 4827.94,
        "fy": 4835.62,
        "height": 480,
        "width": 640
    },
    "max_distortion": 13043817825332783104,
    "underlying_pinhole_camera": {
        "cx": 3.8234375,
        "cy": 2.134375,
        "fx": 4827.94,
        "fy": 4835.62,
        "height": 1,
        "width": 2
    }
}