{
    "camera": {
        "cx": 304.23037351000374,
        "cy": 187.30274687001025,
        "fx": 633.391798011785,
        "fy": 633.6670120935524,
        "height": 360,
        "width": 640
    },
    "max_distortion": 13,
    "underlying_pinhole_camera": {
        "cx": 331.80125110934785,
        "cy": 203.95187992512228,
        "fx": 633.391798011785,
        "fy": 633.6670120935524,
        "height": 392,
        "width": 698
    }
}