{
    "camera": {
        "cx": 326.635295190626,
        "cy": 253.4821234294085,
        "fx": 587.5415140549027,
        "fy": 587.9362118195477,
        "height": 480,
        "width": 640
    },
    "max_distortion": 6,
    "underlying_pinhole_camera": {
        "cx": 351.6433099786583,
        "cy": 272.4932826866141,
        "fx": 587.5415140549027,
        "fy": 587.9362118195477,
        "height": 516,
        "width": 689
    }
}