{
    "camera": {
        "cx": 306.935753139243,
        "cy": 271.664083376473,
        "fx": 751.9684239676184,
        "fy": 754.5458334256724,
        "height": 512,
        "width": 640
    },
    "max_distortion": 89,
    "underlying_pinhole_camera": {
        "cx": 394.7001950524953,
        "cy": 349.1307946517954,
        "fx": 751.9684239676184,
        "fy": 754.5458334256724,
        "height": 658,
        "width": 823
    }
}