{
    "camera": {
        "cx": 387.43674362153337,
        "cy": 228.53161057096247,
        "fx": 1155.9958300815658,
        "fy": 1154.4822553996737,
        "height": 536,
        "width": 640
    },
    "max_distortion": 34,
    "underlying_pinhole_camera": {
        "cx": 504.273136619902,
        "cy": 297.1763667312702,
        "fx": 1155.9958300815658,
        "fy": 1154.4822553996737,
        "height": 697,
        "width": 833
    }
}