{
    "camera": {
        "cx": 379.700074,
        "cy": 209.888638,
        "fx": 562.757007,
        "fy": 563.202864,
        "height": 480,
        "width": 640
    },
    "max_distortion": 74,
    "underlying_pinhole_camera": {
        "cx": 522.08760175,
        "cy": 288.59687725,
        "fx": 562.757007,
        "fy": 563.202864,
        "height": 660,
        "width": 880
    }
}