{
    "camera": {
        "cx": 274.4596247118615,
        "cy": 323.8739431231,
        "fx": 698.44849326713,
        "fy": 697.06872832336,
        "height": 512,
        "width": 640
    },
    "max_distortion": 26,
    "underlying_pinhole_camera": {
        "cx": 359.799414270706,
        "cy": 424.4519840539064,
        "fx": 698.44849326713,
        "fy": 697.06872832336,
        "height": 671,
        "width": 839
    }
}