{
    "camera": {
        "cx": 303.1916817198441,
        "cy": 254.3628742434014,
        "fx": 480.4304270402936,
        "fy": 480.828458341677,
        "height": 480,
        "width": 640
    },
    "max_distortion": 168,
    "underlying_pinhole_camera": {
        "cx": 452.8925745690171,
        "cy": 379.9545434010808,
        "fx": 480.4304270402936,
        "fy": 480.828458341677,
        "height": 717,
        "width": 956
    }
}