{
    "camera": {
        "cx": 315.2703473983013,
        "cy": 236.8145073917281,
        "fx": 490.79663489682616,
        "fy": 491.40299698712664,
        "height": 480,
        "width": 640
    },
    "max_distortion": 126,
    "underlying_pinhole_camera": {
        "cx": 420.68886980960826,
        "cy": 315.75267652230417,
        "fx": 490.79663489682616,
        "fy": 491.40299698712664,
        "height": 640,
        "width": 854
    }
}