{
    "camera": {
        "cx": 334.641953,
        "cy": 264.567343,
        "fx": 667.621249,
        "fy": 671.269284,
        "height": 480,
        "width": 640
    },
    "max_distortion": 23,
    "underlying_pinhole_camera": {
        "cx": 392.158538671875,
        "cy": 309.76426409583337,
        "fx": 667.621249,
        "fy": 671.269284,
        "height": 562,
        "width": 750
    }
}