{
    "camera": {
        "cx": 317.8000680851064,
        "cy": 187.17599829787233,
        "fx": 540.461855319149,
        "fy": 541.1205310638298,
        "height": 408,
        "width": 640
    },
    "max_distortion": 116,
    "underlying_pinhole_camera": {
        "cx": 447.8994709574468,
        "cy": 263.78970348352107,
        "fx": 540.461855319149,
        "fy": 541.1205310638298,
        "height": 575,
        "width": 902
    }
}