{
    "camera": {
        "cx": 316.7839255,
        "cy": 240.7414325,
        "fx": 504.3958025,
        "fy": 502.6975155,
        "height": 480,
        "width": 640
    },
    "max_distortion": 11,
    "underlying_pinhole_camera": {
        "cx": 320.74372456875,
        "cy": 243.75070040625002,
        "fx": 504.3958025,
        "fy": 502.6975155,
        "height": 486,
        "width": 648
    }
}