{
    "camera": {
        "cx": 325.8105693044304,
        "cy": 246.78720909626642,
        "fx": 521.0716656401587,
        "fy": 519.9806466708732,
        "height": 480,
        "width": 640
    },
    "max_distortion": 6,
    "underlying_pinhole_camera": {
        "cx": 338.53754466788473,
        "cy": 256.04172943737643,
        "fx": 521.0716656401587,
        "fy": 519.9806466708732,
        "height": 498,
        "width": 665
    }
}