{
    "camera": {
        "cx": 293.7298477393318,
        "cy": 262.2448129918168,
        "fx": 360.6253217821592,
        "fy": 357.8335344898664,
        "height": 480,
        "width": 640
    },
    "max_distortion": 197,
    "underlying_pinhole_camera": {
        "cx": 479.6057670118776,
        "cy": 427.7868511929011,
        "fx": 360.6253217821592,
        "fy": 357.8335344898664,
        "height": 783,
        "width": 1045
    }
}