{
    "camera": {
        "cx": 314.6717711873631,
        "cy": 255.9972737232733,
        "fx": 571.2288991787303,
        "fy": 574.4431504119128,
        "height": 488,
        "width": 640
    },
    "max_distortion": 5,
    "underlying_pinhole_camera": {
        "cx": 335.813780814014,
        "cy": 272.78398019693054,
        "fx": 571.2288991787303,
        "fy": 574.4431504119128,
        "height": 520,
        "width": 683
    }
}