{
    "camera": {
        "cx": 319.0045752027778,
        "cy": 211.71161740519213,
        "fx": 321.3425928361734,
        "fy": 320.9612870459815,
        "height": 479,
        "width": 640
    },
    "max_distortion": 219,
    "underlying_pinhole_camera": {
        "cx": 556.7626726585981,
        "cy": 369.5008604399596,
        "fx": 321.3425928361734,
        "fy": 320.9612870459815,
        "height": 836,
        "width": 1117
    }
}