{
    "camera": {
        "cx": 323.83127,
        "cy": 248.651286,
        "fx": 508.624627,
        "fy": 508.77675,
        "height": 480,
        "width": 640
    },
    "max_distortion": 10,
    "underlying_pinhole_camera": {
        "cx": 337.492901703125,
        "cy": 259.01175625,
        "fx": 508.624627,
        "fy": 508.77675,
        "height": 500,
        "width": 667
    }
}