{
    "camera": {
        "cx": 341.25870080000004,
        "cy": 293.4040952,
        "fx": 1082.183744,
        "fy": 1090.0232456,
        "height": 480,
        "width": 640
    },
    "max_distortion": 13,
    "underlying_pinhole_camera": {
        "cx": 432.43875992000005,
        "cy": 371.64518725333335,
        "fx": 1082.183744,
        "fy": 1090.0232456,
        "height": 608,
        "width": 811
    }
}