{
    "camera": {
        "cx": 327.4743251388306,
        "cy": 199.33892222089543,
        "fx": 487.23619561821863,
        "fy": 487.435893235785,
        "height": 360,
        "width": 640
    },
    "max_distortion": 10,
    "underlying_pinhole_camera": {
        "cx": 376.59547390965514,
        "cy": 229.23976055402974,
        "fx": 487.23619561821863,
        "fy": 487.435893235785,
        "height": 414,
        "width": 736
    }
}