{
    "camera": {
        "cx": 324.61715,
        "cy": 247.800083,
        "fx": 614.443408,
        "fy": 619.317104,
        "height": 480,
        "width": 640
    },
    "max_distortion": 11,
    "underlying_pinhole_camera": {
        "cx": 337.29750742187497,
        "cy": 257.0925861125,
        "fx": 614.443408,
        "fy": 619.317104,
        "height": 498,
        "width": 665
    }
}