{
    "camera": {
        "cx": 321.39072466666664,
        "cy": 199.016888,
        "fx": 479.05955466666666,
        "fy": 477.2309826666666,
        "height": 400,
        "width": 640
    },
    "max_distortion": 29,
    "underlying_pinhole_camera": {
        "cx": 350.5167590895833,
        "cy": 216.92840791999998,
        "fx": 479.05955466666666,
        "fy": 477.2309826666666,
        "height": 436,
        "width": 698
    }
}