{
    "camera": {
        "cx": 322.7029200800868,
        "cy": 239.1426526245542,
        "fx": 507.5024270566367,
        "fy": 507.2559728776117,
        "height": 480,
        "width": 640
    },
    "max_distortion": 7,
    "underlying_pinhole_camera": {
        "cx": 332.2831630199644,
        "cy": 246.117646659437,
        "fx": 507.5024270566367,
        "fy": 507.2559728776117,
        "height": 494,
        "width": 659
    }
}