{
    "camera": {
        "cx": 312.795684435349,
        "cy": 222.6201104796983,
        "fx": 549.0240160929617,
        "fy": 550.5389398832353,
        "height": 480,
        "width": 640
    },
    "max_distortion": 10,
    "underlying_pinhole_camera": {
        "cx": 347.49645567739555,
        "cy": 247.20108101183163,
        "fx": 549.0240160929617,
        "fy": 550.5389398832353,
        "height": 533,
        "width": 711
    }
}