{
    "camera": {
        "cx": 318.565888,
        "cy": 239.420706,
        "fx": 753.422282,
        "fy": 752.131496,
        "height": 480,
        "width": 640
    },
    "max_distortion": 15,
    "underlying_pinhole_camera": {
        "cx": 333.9964232,
        "cy": 250.8929481625,
        "fx": 753.422282,
        "fy": 752.131496,
        "height": 503,
        "width": 671
    }
}