{
    "camera": {
        "cx": 325.205288,
        "cy": 256.675638,
        "fx": 533.962476,
        "fy": 525.162678,
        "height": 480,
        "width": 640
    },
    "max_distortion": 7,
    "underlying_pinhole_camera": {
        "cx": 356.709550275,
        "cy": 281.273719975,
        "fx": 533.962476,
        "fy": 525.162678,
        "height": 526,
        "width": 702
    }
}