{
    "camera": {
        "cx": 327.985385,
        "cy": 189.135126,
        "fx": 480.3435705,
        "fy": 481.010496,
        "height": 360,
        "width": 640
    },
    "max_distortion": 14,
    "underlying_pinhole_camera": {
        "cx": 366.4211723046875,
        "cy": 211.2008907,
        "fx": 480.3435705,
        "fy": 481.010496,
        "height": 402,
        "width": 715
    }
}