{
    "camera": {
        "cx": 321.497483,
        "cy": 248.637294,
        "fx": 503.177416,
        "fy": 501.403779,
        "height": 480,
        "width": 640
    },
    "max_distortion": 8,
    "underlying_pinhole_camera": {
        "cx": 343.0980951390625,
        "cy": 265.2131136,
        "fx": 503.177416,
        "fy": 501.403779,
        "height": 512,
        "width": 683
    }
}