{
    "camera": {
        "cx": 333.33245266666665,
        "cy": 183.88667166666667,
        "fx": 540.0247683333333,
        "fy": 536.2236463333334,
        "height": 360,
        "width": 640
    },
    "max_distortion": 94,
    "underlying_pinhole_camera": {
        "cx": 435.4155162958333,
        "cy": 240.07426578703706,
        "fx": 540.0247683333333,
        "fy": 536.2236463333334,
        "height": 470,
        "width": 836
    }
}