{
    "camera": {
        "cx": 310.2628209876543,
        "cy": 189.30889827160493,
        "fx": 406.58263802469133,
        "fy": 403.48159530864194,
        "height": 480,
        "width": 640
    },
    "max_distortion": 17,
    "underlying_pinhole_camera": {
        "cx": 389.76766886574075,
        "cy": 237.8193034537037,
        "fx": 406.58263802469133,
        "fy": 403.48159530864194,
        "height": 603,
        "width": 804
    }
}