{
    "camera": {
        "cx": 321.1291288789086,
        "cy": 237.0735953217274,
        "fx": 499.7305853316655,
        "fy": 498.4805725933136,
        "height": 480,
        "width": 640
    },
    "max_distortion": 10,
    "underlying_pinhole_camera": {
        "cx": 332.16794268412104,
        "cy": 244.9760484991183,
        "fx": 499.7305853316655,
        "fy": 498.4805725933136,
        "height": 496,
        "width": 662
    }
}