{
    "camera": {
        "cx": 319.87385,
        "cy": 247.64509,
        "fx": 484.51229,
        "fy": 482.53872,
        "height": 480,
        "width": 640
    },
    "max_distortion": 149,
    "underlying_pinhole_camera": {
        "cx": 453.321221796875,
        "cy": 350.8305441666667,
        "fx": 484.51229,
        "fy": 482.53872,
        "height": 680,
        "width": 907
    }
}