{
    "camera": {
        "cx": 322.635190663879,
        "cy": 251.524119085038,
        "fx": 574.213533086773,
        "fy": 572.441887639787,
        "height": 480,
        "width": 640
    },
    "max_distortion": 8,
    "underlying_pinhole_camera": {
        "cx": 348.34518241990685,
        "cy": 271.43644517927015,
        "fx": 574.213533086773,
        "fy": 572.441887639787,
        "height": 518,
        "width": 691
    }
}