{
    "camera": {
        "cx": 335.460764,
        "cy": 271.980591,
        "fx": 748.084516,
        "fy": 744.308178,
        "height": 480,
        "width": 640
    },
    "max_distortion": 15,
    "underlying_pinhole_camera": {
        "cx": 398.88381469374997,
        "cy": 322.9769518125,
        "fx": 748.084516,
        "fy": 744.308178,
        "height": 570,
        "width": 761
    }
}