{
    "camera": {
        "cx": 329.166066519,
        "cy": 244.176384407,
        "fx": 391.351108945,
        "fy": 390.748509835,
        "height": 480,
        "width": 640
    },
    "max_distortion": 10,
    "underlying_pinhole_camera": {
        "cx": 340.48115005559066,
        "cy": 252.31559722056667,
        "fx": 391.351108945,
        "fy": 390.748509835,
        "height": 496,
        "width": 662
    }
}