{
    "camera": {
        "cx": 272.402139,
        "cy": 296.011709,
        "fx": 670.561268,
        "fy": 627.670558,
        "height": 480,
        "width": 640
    },
    "max_distortion": 180,
    "underlying_pinhole_camera": {
        "cx": 371.57354272968746,
        "cy": 403.3159535125,
        "fx": 670.561268,
        "fy": 627.670558,
        "height": 654,
        "width": 873
    }
}