{
    "camera": {
        "cx": 299.0464166708532,
        "cy": 265.177086523325,
        "fx": 554.4203610089122,
        "fy": 556.539219672516,
        "height": 480,
        "width": 640
    },
    "max_distortion": 117,
    "underlying_pinhole_camera": {
        "cx": 421.46854349548374,
        "cy": 373.457730187016,
        "fx": 554.4203610089122,
        "fy": 556.539219672516,
        "height": 676,
        "width": 902
    }
}