{
    "camera": {
        "cx": 315.5716153333333,
        "cy": 182.99737499999998,
        "fx": 444.95548099999996,
        "fy": 444.96368799999993,
        "height": 360,
        "width": 640
    },
    "max_distortion": 24,
    "underlying_pinhole_camera": {
        "cx": 343.67721232395826,
        "cy": 199.26380833333332,
        "fx": 444.95548099999996,
        "fy": 444.96368799999993,
        "height": 392,
        "width": 697
    }
}