{
    "camera": {
        "cx": 317.46119999999996,
        "cy": 200.55466666666666,
        "fx": 469.67879999999997,
        "fy": 467.84159999999997,
        "height": 400,
        "width": 640
    },
    "max_distortion": 30,
    "underlying_pinhole_camera": {
        "cx": 347.2231875,
        "cy": 219.10597333333334,
        "fx": 469.67879999999997,
        "fy": 467.84159999999997,
        "height": 437,
        "width": 700
    }
}