{
    "camera": {
        "cx": 274.2588302669745,
        "cy": 188.3871718867038,
        "fx": 1134.493745914822,
        "fy": 1136.585263380414,
        "height": 480,
        "width": 640
    },
    "max_distortion": 15,
    "underlying_pinhole_camera": {
        "cx": 346.6803026343474,
        "cy": 237.83880450696356,
        "fx": 1134.493745914822,
        "fy": 1136.585263380414,
        "height": 606,
        "width": 809
    }
}