{
    "camera": {
        "cx": 320.331083,
        "cy": 260.343059,
        "fx": 708.611809,
        "fy": 703.012319,
        "height": 480,
        "width": 640
    },
    "max_distortion": 6,
    "underlying_pinhole_camera": {
        "cx": 350.36212203124995,
        "cy": 284.75022078125,
        "fx": 708.611809,
        "fy": 703.012319,
        "height": 525,
        "width": 700
    }
}