{
    "camera": {
        "cx": 312.10830717590517,
        "cy": 231.96601865375183,
        "fx": 373.8468569555701,
        "fy": 374.84790825923716,
        "height": 480,
        "width": 640
    },
    "max_distortion": 6,
    "underlying_pinhole_camera": {
        "cx": 329.1767302245875,
        "cy": 244.5308446641634,
        "fx": 373.8468569555701,
        "fy": 374.84790825923716,
        "height": 506,
        "width": 675
    }
}