{
    "camera": {
        "cx": 343.706581473903,
        "cy": 242.3701978124422,
        "fx": 777.2296248029132,
        "fy": 780.2302136305378,
        "height": 480,
        "width": 640
    },
    "max_distortion": 11,
    "underlying_pinhole_camera": {
        "cx": 380.7624472890582,
        "cy": 268.1220313300142,
        "fx": 777.2296248029132,
        "fy": 780.2302136305378,
        "height": 531,
        "width": 709
    }
}