{
    "camera": {
        "cx": 327.8141374020804,
        "cy": 181.87349342833156,
        "fx": 482.15956380955447,
        "fy": 482.15956380955447,
        "height": 360,
        "width": 640
    },
    "max_distortion": 1,
    "underlying_pinhole_camera": {
        "cx": 338.57053878558617,
        "cy": 187.4307390608639,
        "fx": 482.15956380955447,
        "fy": 482.15956380955447,
        "height": 371,
        "width": 661
    }
}