{
    "camera": {
        "cx": 310.64605134327905,
        "cy": 266.29317516575117,
        "fx": 408.77039122563974,
        "fy": 410.526022753663,
        "height": 512,
        "width": 640
    },
    "max_distortion": 73,
    "underlying_pinhole_camera": {
        "cx": 382.9683351716362,
        "cy": 328.18553423747846,
        "fx": 408.77039122563974,
        "fy": 410.526022753663,
        "height": 631,
        "width": 789
    }
}