{
    "camera": {
        "cx": 306.8305070637037,
        "cy": 256.0799996049382,
        "fx": 783.3095482074074,
        "fy": 782.7635708345679,
        "height": 477,
        "width": 640
    },
    "max_distortion": 15,
    "underlying_pinhole_camera": {
        "cx": 345.6637431139537,
        "cy": 288.29132030996186,
        "fx": 783.3095482074074,
        "fy": 782.7635708345679,
        "height": 537,
        "width": 721
    }
}