{
    "camera": {
        "cx": 314.0176103333333,
        "cy": 196.29789966666664,
        "fx": 467.6586593333333,
        "fy": 468.2119956666666,
        "height": 360,
        "width": 640
    },
    "max_distortion": 8,
    "underlying_pinhole_camera": {
        "cx": 347.87263394739585,
        "cy": 217.01823352037036,
        "fx": 467.6586593333333,
        "fy": 468.2119956666666,
        "height": 398,
        "width": 709
    }
}