{
    "camera": {
        "cx": 318.2444302357885,
        "cy": 245.46137549032662,
        "fx": 834.2972034970966,
        "fy": 833.561829812682,
        "height": 505,
        "width": 640
    },
    "max_distortion": 7,
    "underlying_pinhole_camera": {
        "cx": 334.65390866982136,
        "cy": 258.0989908621058,
        "fx": 834.2972034970966,
        "fy": 833.561829812682,
        "height": 531,
        "width": 673
    }
}