{
    "camera": {
        "cx": 316.599876939033,
        "cy": 177.0177070355325,
        "fx": 206.2045452177645,
        "fy": 205.6383465759085,
        "height": 400,
        "width": 640
    },
    "max_distortion": 1264,
    "underlying_pinhole_camera": {
        "cx": 1331.6982323748075,
        "cy": 744.3594580844142,
        "fx": 206.2045452177645,
        "fy": 205.6383465759085,
        "height": 1682,
        "width": 2692
    }
}