{
    "camera": {
        "cx": 316.227326496862,
        "cy": 169.63713936936074,
        "fx": 311.4409140615512,
        "fy": 312.09371087275883,
        "height": 360,
        "width": 640
    },
    "max_distortion": 169,
    "underlying_pinhole_camera": {
        "cx": 488.6700404771821,
        "cy": 261.99513747045717,
        "fx": 311.4409140615512,
        "fy": 312.09371087275883,
        "height": 556,
        "width": 989
    }
}