{
    "camera": {
        "cx": 330.2895955562812,
        "cy": 240.4323742083104,
        "fx": 536.002536225926,
        "fy": 540.919451388987,
        "height": 480,
        "width": 640
    },
    "max_distortion": 14,
    "underlying_pinhole_camera": {
        "cx": 355.57739271605897,
        "cy": 258.4648022739336,
        "fx": 536.002536225926,
        "fy": 540.919451388987,
        "height": 516,
        "width": 689
    }
}