{
    "camera": {
        "cx": 316.6765195,
        "cy": 197.8450165,
        "fx": 204.6077285,
        "fy": 204.4815255,
        "height": 400,
        "width": 640
    },
    "max_distortion": 5,
    "underlying_pinhole_camera": {
        "cx": 323.6038183640625,
        "cy": 201.80191683,
        "fx": 204.6077285,
        "fy": 204.4815255,
        "height": 408,
        "width": 654
    }
}