{
    "camera": {
        "cx": 318.0410950560944,
        "cy": 225.1662655257408,
        "fx": 417.2099626694801,
        "fy": 417.6940431922814,
        "height": 480,
        "width": 640
    },
    "max_distortion": 159,
    "underlying_pinhole_camera": {
        "cx": 473.0861288959404,
        "cy": 334.93481996953943,
        "fx": 417.2099626694801,
        "fy": 417.6940431922814,
        "height": 714,
        "width": 952
    }
}