{
    "camera": {
        "cx": 324.3761,
        "cy": 240.49791,
        "fx": 483.44128,
        "fy": 480.99011,
        "height": 480,
        "width": 640
    },
    "max_distortion": 142,
    "underlying_pinhole_camera": {
        "cx": 447.53765046875,
        "cy": 331.686700875,
        "fx": 483.44128,
        "fy": 480.99011,
        "height": 662,
        "width": 883
    }
}