{
    "camera": {
        "cx": 309.359140001742,
        "cy": 174.3310260244763,
        "fx": 906.5267641469098,
        "fy": 904.8385998762025,
        "height": 480,
        "width": 640
    },
    "max_distortion": 15,
    "underlying_pinhole_camera": {
        "cx": 407.48399222104456,
        "cy": 229.53585093222713,
        "fx": 906.5267641469098,
        "fy": 904.8385998762025,
        "height": 632,
        "width": 843
    }
}