{
    "camera": {
        "cx": 305.378,
        "cy": 253.2695,
        "fx": 1151.295,
        "fy": 1154.73,
        "height": 480,
        "width": 640
    },
    "max_distortion": 17,
    "underlying_pinhole_camera": {
        "cx": 337.34725937499996,
        "cy": 279.6517395833333,
        "fx": 1151.295,
        "fy": 1154.73,
        "height": 530,
        "width": 707
    }
}