{
    "camera": {
        "cx": 139.5336145,
        "cy": 129.4023595,
        "fx": 405.7939855,
        "fy": 404.559719,
        "height": 400,
        "width": 640
    },
    "max_distortion": 13043817825332783104,
    "underlying_pinhole_camera": {
        "cx": 497.74256547421874,
        "cy": 461.31941161749995,
        "fx": 405.7939855,
        "fy": 404.559719,
        "height": 1426,
        "width": 2283
    }
}