{
    "camera": {
        "cx": 314.04016117046126,
        "cy": 184.836456040904,
        "fx": 526.4136624826614,
        "fy": 527.5999438888298,
        "height": 408,
        "width": 640
    },
    "max_distortion": 1262,
    "underlying_pinhole_camera": {
        "cx": 1341.0496257482353,
        "cy": 789.1791824099381,
        "fx": 526.4136624826614,
        "fy": 527.5999438888298,
        "height": 1742,
        "width": 2733
    }
}