{
    "camera": {
        "cx": 309.478879,
        "cy": 254.618655,
        "fx": 713.303527,
        "fy": 718.074904,
        "height": 480,
        "width": 640
    },
    "max_distortion": 18,
    "underlying_pinhole_camera": {
        "cx": 344.2952528875,
        "cy": 283.2632536875,
        "fx": 713.303527,
        "fy": 718.074904,
        "height": 534,
        "width": 712
    }
}