{
    "camera": {
        "cx": 317.86365408663244,
        "cy": 193.2498912376315,
        "fx": 525.1196166685755,
        "fy": 525.1195476236057,
        "height": 408,
        "width": 640
    },
    "max_distortion": 106,
    "underlying_pinhole_camera": {
        "cx": 427.6259471384227,
        "cy": 259.56112842701486,
        "fx": 525.1196166685755,
        "fy": 525.1195476236057,
        "height": 548,
        "width": 861
    }
}