{
    "camera": {
        "cx": 318.26543549764034,
        "cy": 235.530988776277,
        "fx": 546.0500834384593,
        "fy": 545.7495208147751,
        "height": 480,
        "width": 640
    },
    "max_distortion": 7,
    "underlying_pinhole_camera": {
        "cx": 329.2058098428717,
        "cy": 243.38202173548626,
        "fx": 546.0500834384593,
        "fy": 545.7495208147751,
        "height": 496,
        "width": 662
    }
}