{
    "camera": {
        "cx": 332.367483,
        "cy": 224.718023,
        "fx": 552.805261,
        "fy": 561.656417,
        "height": 480,
        "width": 640
    },
    "max_distortion": 9,
    "underlying_pinhole_camera": {
        "cx": 358.85301680156255,
        "cy": 242.5081998208333,
        "fx": 552.805261,
        "fy": 561.656417,
        "height": 518,
        "width": 691
    }
}