{
    "camera": {
        "cx": 335.1346444720497,
        "cy": 205.23489291925463,
        "fx": 483.10060919254653,
        "fy": 481.7899995031056,
        "height": 479,
        "width": 640
    },
    "max_distortion": 135,
    "underlying_pinhole_camera": {
        "cx": 505.3202061180124,
        "cy": 309.35196803278046,
        "fx": 483.10060919254653,
        "fy": 481.7899995031056,
        "height": 722,
        "width": 965
    }
}