{
    "camera": {
        "cx": 316.8662016342877,
        "cy": 169.63554090742406,
        "fx": 392.29932361202583,
        "fy": 393.1077606987783,
        "height": 360,
        "width": 640
    },
    "max_distortion": 5,
    "underlying_pinhole_camera": {
        "cx": 344.09689083723424,
        "cy": 183.77183598304273,
        "fx": 392.29932361202583,
        "fy": 393.1077606987783,
        "height": 390,
        "width": 695
    }
}