{
    "camera": {
        "cx": 297.450926,
        "cy": 218.749003,
        "fx": 635.349789,
        "fy": 632.883831,
        "height": 480,
        "width": 640
    },
    "max_distortion": 8,
    "underlying_pinhole_camera": {
        "cx": 327.1960186,
        "cy": 240.6239033,
        "fx": 635.349789,
        "fy": 632.883831,
        "height": 528,
        "width": 704
    }
}