{
    "camera": {
        "cx": 339.250863,
        "cy": 234.807752,
        "fx": 656.872349,
        "fy": 655.094325,
        "height": 480,
        "width": 640
    },
    "max_distortion": 40,
    "underlying_pinhole_camera": {
        "cx": 397.55960507812495,
        "cy": 274.92074296666664,
        "fx": 656.872349,
        "fy": 655.094325,
        "height": 562,
        "width": 750
    }
}