{
    "camera": {
        "cx": 280.506703,
        "cy": 229.733459,
        "fx": 627.407948,
        "fy": 629.163305,
        "height": 480,
        "width": 640
    },
    "max_distortion": 141,
    "underlying_pinhole_camera": {
        "cx": 416.377137265625,
        "cy": 340.77129751666666,
        "fx": 627.407948,
        "fy": 629.163305,
        "height": 712,
        "width": 950
    }
}