{
    "camera": {
        "cx": 314.5976345154624,
        "cy": 235.6882584806116,
        "fx": 566.447423546688,
        "fy": 565.4686553207,
        "height": 480,
        "width": 640
    },
    "max_distortion": 13,
    "underlying_pinhole_camera": {
        "cx": 331.31063384909635,
        "cy": 247.96368860981013,
        "fx": 566.447423546688,
        "fy": 565.4686553207,
        "height": 505,
        "width": 674
    }
}