{
    "camera": {
        "cx": 276.4911863566516,
        "cy": 215.4192244692577,
        "fx": 446.88360728403086,
        "fy": 445.21438507132103,
        "height": 426,
        "width": 640
    },
    "max_distortion": 1159,
    "underlying_pinhole_camera": {
        "cx": 918.0371421998198,
        "cy": 715.0300079801183,
        "fx": 446.88360728403086,
        "fy": 445.21438507132103,
        "height": 1414,
        "width": 2125
    }
}