{
    "camera": {
        "cx": 311.0525846512331,
        "cy": 242.34662752791493,
        "fx": 502.7440581945348,
        "fy": 500.8661832052362,
        "height": 480,
        "width": 640
    },
    "max_distortion": 9,
    "underlying_pinhole_camera": {
        "cx": 327.57725321082984,
        "cy": 254.96884771166052,
        "fx": 502.7440581945348,
        "fy": 500.8661832052362,
        "height": 505,
        "width": 674
    }
}