{
    "camera": {
        "cx": 325.9952083333333,
        "cy": 183.12183399999998,
        "fx": 301.08676199999996,
        "fy": 299.47765666666663,
        "height": 360,
        "width": 640
    },
    "max_distortion": 120,
    "underlying_pinhole_camera": {
        "cx": 451.2996165364583,
        "cy": 253.31853703333329,
        "fx": 301.08676199999996,
        "fy": 299.47765666666663,
        "height": 498,
        "width": 886
    }
}