{
    "camera": {
        "cx": 322.02744392307073,
        "cy": 250.90184399268753,
        "fx": 613.4714992528557,
        "fy": 612.0641242941964,
        "height": 480,
        "width": 640
    },
    "max_distortion": 7,
    "underlying_pinhole_camera": {
        "cx": 338.63198400035407,
        "cy": 263.4469361923219,
        "fx": 613.4714992528557,
        "fy": 612.0641242941964,
        "height": 504,
        "width": 673
    }
}