{
    "camera": {
        "cx": 309.110829,
        "cy": 248.789764,
        "fx": 541.310483,
        "fy": 544.166303,
        "height": 480,
        "width": 640
    },
    "max_distortion": 7,
    "underlying_pinhole_camera": {
        "cx": 327.94727014218756,
        "cy": 263.82081224166666,
        "fx": 541.310483,
        "fy": 544.166303,
        "height": 509,
        "width": 679
    }
}