{
    "camera": {
        "cx": 311.459394809719,
        "cy": 216.552740289495,
        "fx": 329.191428741554,
        "fy": 331.0970697833638,
        "height": 480,
        "width": 640
    },
    "max_distortion": 204,
    "underlying_pinhole_camera": {
        "cx": 532.8875583072536,
        "cy": 370.3954162034904,
        "fx": 329.191428741554,
        "fy": 331.0970697833638,
        "height": 821,
        "width": 1095
    }
}