{
    "camera": {
        "cx": 304.2521316743309,
        "cy": 225.21576338857736,
        "fx": 407.81223714004716,
        "fy": 409.9467632244814,
        "height": 408,
        "width": 640
    },
    "max_distortion": 173,
    "underlying_pinhole_camera": {
        "cx": 486.3280167231883,
        "cy": 359.90362188566775,
        "fx": 407.81223714004716,
        "fy": 409.9467632244814,
        "height": 652,
        "width": 1023
    }
}