{
    "camera": {
        "cx": 316.8385791670269,
        "cy": 245.1497705518855,
        "fx": 563.4349912848402,
        "fy": 564.1281568352823,
        "height": 488,
        "width": 640
    },
    "max_distortion": 10,
    "underlying_pinhole_camera": {
        "cx": 330.2052067256359,
        "cy": 255.19689229581525,
        "fx": 563.4349912848402,
        "fy": 564.1281568352823,
        "height": 508,
        "width": 667
    }
}