{
    "camera": {
        "cx": 316.816016259763,
        "cy": 192.220533455274,
        "fx": 560.015315069345,
        "fy": 556.390028885253,
        "height": 360,
        "width": 640
    },
    "max_distortion": 110,
    "underlying_pinhole_camera": {
        "cx": 440.077247585827,
        "cy": 266.972963132325,
        "fx": 560.015315069345,
        "fy": 556.390028885253,
        "height": 500,
        "width": 889
    }
}