{
    "camera": {
        "cx": 309.589948616328,
        "cy": 250.9381587328277,
        "fx": 803.8026088252952,
        "fy": 803.0362125652215,
        "height": 480,
        "width": 640
    },
    "max_distortion": 8,
    "underlying_pinhole_camera": {
        "cx": 330.39052328898754,
        "cy": 267.66736931501623,
        "fx": 803.8026088252952,
        "fy": 803.0362125652215,
        "height": 512,
        "width": 683
    }
}