{
    "camera": {
        "cx": 305.59147585042626,
        "cy": 236.4692598238642,
        "fx": 543.6688925346848,
        "fy": 545.6488186730448,
        "height": 480,
        "width": 640
    },
    "max_distortion": 23,
    "underlying_pinhole_camera": {
        "cx": 321.34853632396386,
        "cy": 248.2927228150574,
        "fx": 543.6688925346848,
        "fy": 545.6488186730448,
        "height": 504,
        "width": 673
    }
}