{
    "camera": {
        "cx": 207.56589033333333,
        "cy": 193.46947,
        "fx": 669.6905906666666,
        "fy": 678.831285,
        "height": 360,
        "width": 640
    },
    "max_distortion": 91,
    "underlying_pinhole_camera": {
        "cx": 324.32170364583334,
        "cy": 302.02733927777774,
        "fx": 669.6905906666666,
        "fy": 678.831285,
        "height": 562,
        "width": 1000
    }
}