{
    "camera": {
        "cx": 319.0048466568441,
        "cy": 272.5759010077489,
        "fx": 531.8490612110437,
        "fy": 529.3957113953901,
        "height": 480,
        "width": 640
    },
    "max_distortion": 10,
    "underlying_pinhole_camera": {
        "cx": 372.3384694572852,
        "cy": 318.0052178423737,
        "fx": 531.8490612110437,
        "fy": 529.3957113953901,
        "height": 560,
        "width": 747
    }
}