{
    "camera": {
        "cx": 317.625258,
        "cy": 235.960077,
        "fx": 578.95545,
        "fy": 578.088385,
        "height": 480,
        "width": 640
    },
    "max_distortion": 4,
    "underlying_pinhole_camera": {
        "cx": 328.54362624375,
        "cy": 243.82541290000003,
        "fx": 578.95545,
        "fy": 578.088385,
        "height": 496,
        "width": 662
    }
}