{
    "camera": {
        "cx": 297.6972878158592,
        "cy": 241.3957474719554,
        "fx": 533.8946965168722,
        "fy": 538.3821700365565,
        "height": 480,
        "width": 640
    },
    "max_distortion": 15,
    "underlying_pinhole_camera": {
        "cx": 331.18823269514337,
        "cy": 268.55276906255034,
        "fx": 533.8946965168722,
        "fy": 538.3821700365565,
        "height": 534,
        "width": 712
    }
}