{
    "camera": {
        "cx": 318.245034,
        "cy": 233.011295,
        "fx": 668.33349,
        "fy": 686.73445,
        "height": 480,
        "width": 640
    },
    "max_distortion": 166,
    "underlying_pinhole_camera": {
        "cx": 457.97449424062495,
        "cy": 334.9537365625,
        "fx": 668.33349,
        "fy": 686.73445,
        "height": 690,
        "width": 921
    }
}