{
    "camera": {
        "cx": 635.558986,
        "cy": 463.40478,
        "fx": 1345.269686,
        "fy": 1348.586908,
        "height": 480,
        "width": 640
    },
    "max_distortion": 7,
    "underlying_pinhole_camera": {
        "cx": 1280.055520240625,
        "cy": 932.6021197499999,
        "fx": 1345.269686,
        "fy": 1348.586908,
        "height": 966,
        "width": 1289
    }
}