{
    "camera": {
        "cx": 328.286159,
        "cy": 239.729314,
        "fx": 486.772913,
        "fy": 489.19018,
        "height": 480,
        "width": 640
    },
    "max_distortion": 20,
    "underlying_pinhole_camera": {
        "cx": 357.5241450359375,
        "cy": 260.70562897499997,
        "fx": 486.772913,
        "fy": 489.19018,
        "height": 522,
        "width": 697
    }
}