{
    "camera": {
        "cx": 304.949679,
        "cy": 217.515521,
        "fx": 646.373061,
        "fy": 645.208733,
        "height": 480,
        "width": 640
    },
    "max_distortion": 106,
    "underlying_pinhole_camera": {
        "cx": 418.82932475156247,
        "cy": 298.63068403958334,
        "fx": 646.373061,
        "fy": 645.208733,
        "height": 659,
        "width": 879
    }
}