{
    "camera": {
        "cx": 319.1448696214453,
        "cy": 237.5706744408696,
        "fx": 503.3826057657378,
        "fy": 502.2816906177546,
        "height": 480,
        "width": 640
    },
    "max_distortion": 10,
    "underlying_pinhole_camera": {
        "cx": 319.6435334802288,
        "cy": 237.5706744408696,
        "fx": 503.3826057657378,
        "fy": 502.2816906177546,
        "height": 480,
        "width": 641
    }
}