{
    "camera": {
        "cx": 331.21744,
        "cy": 223.770388,
        "fx": 503.975292,
        "fy": 504.570989,
        "height": 480,
        "width": 640
    },
    "max_distortion": 15,
    "underlying_pinhole_camera": {
        "cx": 370.03198375,
        "cy": 249.87693326666664,
        "fx": 503.975292,
        "fy": 504.570989,
        "height": 536,
        "width": 715
    }
}