{
    "camera": {
        "cx": 326.1063848366013,
        "cy": 264.1237981699347,
        "fx": 383.0078305882353,
        "fy": 381.9614436601307,
        "height": 535,
        "width": 640
    },
    "max_distortion": 6,
    "underlying_pinhole_camera": {
        "cx": 339.86399794689544,
        "cy": 274.9849637021563,
        "fx": 383.0078305882353,
        "fy": 381.9614436601307,
        "height": 557,
        "width": 667
    }
}