{
    "camera": {
        "cx": 294.28333617021275,
        "cy": 205.3181710638298,
        "fx": 328.9522987234043,
        "fy": 332.13327319148937,
        "height": 408,
        "width": 640
    },
    "max_distortion": 236,
    "underlying_pinhole_camera": {
        "cx": 513.6163851595744,
        "cy": 358.30033773884026,
        "fx": 328.9522987234043,
        "fy": 332.13327319148937,
        "height": 712,
        "width": 1117
    }
}