{
    "camera": {
        "cx": 318.045343,
        "cy": 241.279832,
        "fx": 780.327805,
        "fy": 782.638228,
        "height": 480,
        "width": 640
    },
    "max_distortion": 7,
    "underlying_pinhole_camera": {
        "cx": 318.5422888484375,
        "cy": 241.27983199999997,
        "fx": 780.327805,
        "fy": 782.638228,
        "height": 480,
        "width": 641
    }
}