{
    "camera": {
        "cx": 317.814305,
        "cy": 201.435495,
        "fx": 765.102944,
        "fy": 738.766513,
        "height": 480,
        "width": 640
    },
    "max_distortion": 48,
    "underlying_pinhole_camera": {
        "cx": 412.165426796875,
        "cy": 261.0268289375,
        "fx": 765.102944,
        "fy": 738.766513,
        "height": 622,
        "width": 830
    }
}