{
    "camera": {
        "cx": 320.0152018390804,
        "cy": 257.69856,
        "fx": 726.8482501149425,
        "fy": 793.7764671264367,
        "height": 529,
        "width": 640
    },
    "max_distortion": 8,
    "underlying_pinhole_camera": {
        "cx": 331.5157481551724,
        "cy": 266.95427387523625,
        "fx": 726.8482501149425,
        "fy": 793.7764671264367,
        "height": 548,
        "width": 663
    }
}