{
    "camera": {
        "cx": 315.406392,
        "cy": 239.180917,
        "fx": 501.656046,
        "fy": 502.8688,
        "height": 480,
        "width": 640
    },
    "max_distortion": 9,
    "underlying_pinhole_camera": {
        "cx": 326.24848672499996,
        "cy": 247.15361423333334,
        "fx": 501.656046,
        "fy": 502.8688,
        "height": 496,
        "width": 662
    }
}