{
    "camera": {
        "cx": 317.4438254599553,
        "cy": 189.9159014470189,
        "fx": 638.3523091692855,
        "fy": 637.1714156377545,
        "height": 360,
        "width": 640
    },
    "max_distortion": 9,
    "underlying_pinhole_camera": {
        "cx": 331.8279988011095,
        "cy": 198.35660817799754,
        "fx": 638.3523091692855,
        "fy": 637.1714156377545,
        "height": 376,
        "width": 669
    }
}