{
    "camera": {
        "cx": 340.018553781752,
        "cy": 226.400502704842,
        "fx": 614.482921774255,
        "fy": 618.966243276385,
        "height": 480,
        "width": 640
    },
    "max_distortion": 6,
    "underlying_pinhole_camera": {
        "cx": 367.1137822862354,
        "cy": 244.32387583564199,
        "fx": 614.482921774255,
        "fy": 618.966243276385,
        "height": 518,
        "width": 691
    }
}