{
    "camera": {
        "cx": 328.3342342149392,
        "cy": 241.04359149046937,
        "fx": 495.19597806732037,
        "fy": 497.04103483909654,
        "height": 480,
        "width": 640
    },
    "max_distortion": 9,
    "underlying_pinhole_camera": {
        "cx": 347.3160571304904,
        "cy": 254.60229351180828,
        "fx": 495.19597806732037,
        "fy": 497.04103483909654,
        "height": 507,
        "width": 677
    }
}