{
    "camera": {
        "cx": 311.99314915370144,
        "cy": 183.6548061802542,
        "fx": 520.6765645555251,
        "fy": 520.6742059643548,
        "height": 408,
        "width": 640
    },
    "max_distortion": 115,
    "underlying_pinhole_camera": {
        "cx": 445.0777268395772,
        "cy": 261.97817940418616,
        "fx": 520.6765645555251,
        "fy": 520.6742059643548,
        "height": 582,
        "width": 913
    }
}