{
    "camera": {
        "cx": 314.8070831976627,
        "cy": 247.8781613756234,
        "fx": 416.1482662876116,
        "fy": 416.2955931198267,
        "height": 480,
        "width": 640
    },
    "max_distortion": 151,
    "underlying_pinhole_camera": {
        "cx": 450.0757517591584,
        "cy": 354.25920563266175,
        "fx": 416.1482662876116,
        "fy": 416.2955931198267,
        "height": 686,
        "width": 915
    }
}