{
    "camera": {
        "cx": 290.286587371863,
        "cy": 225.205741258751,
        "fx": 769.876746070013,
        "fy": 771.789004031241,
        "height": 480,
        "width": 640
    },
    "max_distortion": 19,
    "underlying_pinhole_camera": {
        "cx": 333.37600268487387,
        "cy": 258.51742381994126,
        "fx": 769.876746070013,
        "fy": 771.789004031241,
        "height": 551,
        "width": 735
    }
}